DROP TABLE BO_DEMO CASCADE CONSTRAINTS;
CREATE TABLE BO_DEMO (
ID CHAR(32) not null ,
CREATE_DATE DATETIME,
CREATE_USER VARCHAR(50),
UPDATE_DATE DATETIME,
UPDATE_USER VARCHAR(50),
REMARKS VARCHAR(255),
DEL_FLAG CHAR(1),
TREE_ID VARCHAR(100),
EXPRESSION VARCHAR(100)
);
ALTER TABLE BO_DEMO ADD CONSTRAINT BO_DEMO_ID PRIMARY KEY (ID);
COMMENT ON TABLE BO_DEMO IS '演示';
COMMENT ON COLUMN BO_DEMO.ID IS '主键';
COMMENT ON COLUMN BO_DEMO.CREATE_DATE IS '创建日期';
COMMENT ON COLUMN BO_DEMO.CREATE_USER IS '创建用户';
COMMENT ON COLUMN BO_DEMO.UPDATE_DATE IS '修改日期';
COMMENT ON COLUMN BO_DEMO.UPDATE_USER IS '修改用户';
COMMENT ON COLUMN BO_DEMO.REMARKS IS '备注信息';
COMMENT ON COLUMN BO_DEMO.DEL_FLAG IS '删除标记';
COMMENT ON COLUMN BO_DEMO.TREE_ID IS '下拉树';
COMMENT ON COLUMN BO_DEMO.EXPRESSION IS '表达式';


DROP TABLE CMS_ARTICLE CASCADE CONSTRAINTS;
CREATE TABLE CMS_ARTICLE (
ID CHAR(32) not null ,
CATEGORY_ID CHAR(32) not null ,
TITLE VARCHAR(255) not null ,
SUB_TITLE VARCHAR(255),
LINK VARCHAR(255),
COLOR VARCHAR(50),
ARTICLE_FILE VARCHAR(255),
KEYWORDS VARCHAR(255),
DESCRIPTION VARCHAR(255),
WEIGHT INTEGER(10),
WEIGHT_DATE DATETIME,
HITS INTEGER(10),
CUSTOM_CONTENT_VIEW VARCHAR(255),
VIEW_CONFIG TEXT,
CONTENT TEXT,
COPYFROM VARCHAR(255),
CREATE_USER VARCHAR(64),
CREATE_DATE DATETIME,
UPDATE_USER VARCHAR(64),
UPDATE_DATE DATETIME,
REMARKS VARCHAR(255),
DEL_FLAG CHAR(1)
);
ALTER TABLE CMS_ARTICLE ADD CONSTRAINT CMS_ARTICLE_ID PRIMARY KEY (ID);
COMMENT ON TABLE CMS_ARTICLE IS '文章';
COMMENT ON COLUMN CMS_ARTICLE.ID IS '编号';
COMMENT ON COLUMN CMS_ARTICLE.CATEGORY_ID IS '栏目编号';
COMMENT ON COLUMN CMS_ARTICLE.TITLE IS '标题';
COMMENT ON COLUMN CMS_ARTICLE.SUB_TITLE IS '副标题';
COMMENT ON COLUMN CMS_ARTICLE.LINK IS '文章链接';
COMMENT ON COLUMN CMS_ARTICLE.COLOR IS '标题颜色';
COMMENT ON COLUMN CMS_ARTICLE.ARTICLE_FILE IS '文章附件';
COMMENT ON COLUMN CMS_ARTICLE.KEYWORDS IS '关键字';
COMMENT ON COLUMN CMS_ARTICLE.DESCRIPTION IS '描述、摘要';
COMMENT ON COLUMN CMS_ARTICLE.WEIGHT IS '权重，越大越靠前';
COMMENT ON COLUMN CMS_ARTICLE.WEIGHT_DATE IS '权重期限';
COMMENT ON COLUMN CMS_ARTICLE.HITS IS '点击数';
COMMENT ON COLUMN CMS_ARTICLE.CUSTOM_CONTENT_VIEW IS '自定义内容视图';
COMMENT ON COLUMN CMS_ARTICLE.VIEW_CONFIG IS '视图配置';
COMMENT ON COLUMN CMS_ARTICLE.CONTENT IS '文章内容';
COMMENT ON COLUMN CMS_ARTICLE.COPYFROM IS '文章来源';
COMMENT ON COLUMN CMS_ARTICLE.CREATE_USER IS '创建者';
COMMENT ON COLUMN CMS_ARTICLE.CREATE_DATE IS '创建时间';
COMMENT ON COLUMN CMS_ARTICLE.UPDATE_USER IS '更新者';
COMMENT ON COLUMN CMS_ARTICLE.UPDATE_DATE IS '更新时间';
COMMENT ON COLUMN CMS_ARTICLE.REMARKS IS '备注信息';
COMMENT ON COLUMN CMS_ARTICLE.DEL_FLAG IS '删除标记';


DROP TABLE CMS_CATEGORY CASCADE CONSTRAINTS;
CREATE TABLE CMS_CATEGORY (
ID CHAR(32) not null ,
PARENT_ID CHAR(32),
SITE_ID CHAR(32),
MODULE VARCHAR(20),
NAME VARCHAR(100) not null ,
IMAGE VARCHAR(255),
HREF VARCHAR(255),
TARGET VARCHAR(20),
DESCRIPTION VARCHAR(255),
KEYWORDS VARCHAR(255),
SORT INTEGER(10),
IN_MENU CHAR(1),
IN_LIST CHAR(1),
ALLOW_COMMENT CHAR(1),
IS_AUDIT CHAR(1),
CUSTOM_LIST_VIEW VARCHAR(255),
CUSTOM_CONTENT_VIEW VARCHAR(255),
VIEW_CONFIG TEXT,
CREATE_USER VARCHAR(64),
CREATE_DATE DATETIME,
UPDATE_USER VARCHAR(64),
UPDATE_DATE DATETIME,
REMARKS VARCHAR(255),
DEL_FLAG CHAR(1)
);
ALTER TABLE CMS_CATEGORY ADD CONSTRAINT CMS_CATEGORY_ID PRIMARY KEY (ID);
COMMENT ON TABLE CMS_CATEGORY IS '栏目';
COMMENT ON COLUMN CMS_CATEGORY.ID IS '编号';
COMMENT ON COLUMN CMS_CATEGORY.PARENT_ID IS '父级编号';
COMMENT ON COLUMN CMS_CATEGORY.SITE_ID IS '站点编号';
COMMENT ON COLUMN CMS_CATEGORY.MODULE IS '栏目模块';
COMMENT ON COLUMN CMS_CATEGORY.NAME IS '栏目名称';
COMMENT ON COLUMN CMS_CATEGORY.IMAGE IS '栏目图片';
COMMENT ON COLUMN CMS_CATEGORY.HREF IS '链接';
COMMENT ON COLUMN CMS_CATEGORY.TARGET IS '目标';
COMMENT ON COLUMN CMS_CATEGORY.DESCRIPTION IS '描述';
COMMENT ON COLUMN CMS_CATEGORY.KEYWORDS IS '关键字';
COMMENT ON COLUMN CMS_CATEGORY.SORT IS '排序（升序）';
COMMENT ON COLUMN CMS_CATEGORY.IN_MENU IS '是否在导航中显示';
COMMENT ON COLUMN CMS_CATEGORY.IN_LIST IS '是否在分类页中显示列表';
COMMENT ON COLUMN CMS_CATEGORY.ALLOW_COMMENT IS '是否允许评论';
COMMENT ON COLUMN CMS_CATEGORY.IS_AUDIT IS '是否需要审核';
COMMENT ON COLUMN CMS_CATEGORY.CUSTOM_LIST_VIEW IS '自定义列表视图';
COMMENT ON COLUMN CMS_CATEGORY.CUSTOM_CONTENT_VIEW IS '自定义内容视图';
COMMENT ON COLUMN CMS_CATEGORY.VIEW_CONFIG IS '视图配置';
COMMENT ON COLUMN CMS_CATEGORY.CREATE_USER IS '创建者';
COMMENT ON COLUMN CMS_CATEGORY.CREATE_DATE IS '创建时间';
COMMENT ON COLUMN CMS_CATEGORY.UPDATE_USER IS '更新者';
COMMENT ON COLUMN CMS_CATEGORY.UPDATE_DATE IS '更新时间';
COMMENT ON COLUMN CMS_CATEGORY.REMARKS IS '备注信息';
COMMENT ON COLUMN CMS_CATEGORY.DEL_FLAG IS '删除标记';


DROP TABLE CMS_COMMENT CASCADE CONSTRAINTS;
CREATE TABLE CMS_COMMENT (
ID CHAR(32) not null ,
CATEGORY_ID CHAR(32),
CONTENT_ID CHAR(32),
SCORE INTEGER(10),
CONTENT VARCHAR(255),
NAME VARCHAR(100),
IP VARCHAR(100),
AUDIT_USER_ID CHAR(32),
AUDIT_DATE DATETIME,
CREATE_USER VARCHAR(64),
CREATE_DATE DATETIME,
UPDATE_USER VARCHAR(64),
UPDATE_DATE DATETIME,
REMARKS VARCHAR(255),
DEL_FLAG CHAR(1)
);
ALTER TABLE CMS_COMMENT ADD CONSTRAINT CMS_COMMENT_ID PRIMARY KEY (ID);
COMMENT ON TABLE CMS_COMMENT IS '评论';
COMMENT ON COLUMN CMS_COMMENT.ID IS '编号';
COMMENT ON COLUMN CMS_COMMENT.CATEGORY_ID IS '栏目编号';
COMMENT ON COLUMN CMS_COMMENT.CONTENT_ID IS '内容编号';
COMMENT ON COLUMN CMS_COMMENT.SCORE IS '评论等级';
COMMENT ON COLUMN CMS_COMMENT.CONTENT IS '评论内容';
COMMENT ON COLUMN CMS_COMMENT.NAME IS '评论姓名';
COMMENT ON COLUMN CMS_COMMENT.IP IS '评论IP';
COMMENT ON COLUMN CMS_COMMENT.AUDIT_USER_ID IS '审核人';
COMMENT ON COLUMN CMS_COMMENT.AUDIT_DATE IS '审核时间';
COMMENT ON COLUMN CMS_COMMENT.CREATE_USER IS '创建者';
COMMENT ON COLUMN CMS_COMMENT.CREATE_DATE IS '创建时间';
COMMENT ON COLUMN CMS_COMMENT.UPDATE_USER IS '更新者';
COMMENT ON COLUMN CMS_COMMENT.UPDATE_DATE IS '更新时间';
COMMENT ON COLUMN CMS_COMMENT.REMARKS IS '备注信息';
COMMENT ON COLUMN CMS_COMMENT.DEL_FLAG IS '删除标记';


DROP TABLE CMS_GUESTBOOK CASCADE CONSTRAINTS;
CREATE TABLE CMS_GUESTBOOK (
ID CHAR(32) not null ,
TYPE CHAR(1),
CONTENT VARCHAR(255),
NAME VARCHAR(100),
EMAIL VARCHAR(100),
PHONE VARCHAR(100),
WORKUNIT VARCHAR(100),
IP VARCHAR(100),
RE_USER_ID CHAR(32),
RE_DATE DATETIME,
RE_CONTENT VARCHAR(100),
CREATE_USER VARCHAR(64),
CREATE_DATE DATETIME,
UPDATE_USER VARCHAR(64),
UPDATE_DATE DATETIME,
REMARKS VARCHAR(255),
DEL_FLAG CHAR(1)
);
ALTER TABLE CMS_GUESTBOOK ADD CONSTRAINT CMS_GUESTBOOK_ID PRIMARY KEY (ID);
COMMENT ON TABLE CMS_GUESTBOOK IS '留言板';
COMMENT ON COLUMN CMS_GUESTBOOK.ID IS '编号';
COMMENT ON COLUMN CMS_GUESTBOOK.TYPE IS '留言分类';
COMMENT ON COLUMN CMS_GUESTBOOK.CONTENT IS '留言内容';
COMMENT ON COLUMN CMS_GUESTBOOK.NAME IS '姓名';
COMMENT ON COLUMN CMS_GUESTBOOK.EMAIL IS '邮箱';
COMMENT ON COLUMN CMS_GUESTBOOK.PHONE IS '电话';
COMMENT ON COLUMN CMS_GUESTBOOK.WORKUNIT IS '单位';
COMMENT ON COLUMN CMS_GUESTBOOK.IP IS 'IP';
COMMENT ON COLUMN CMS_GUESTBOOK.RE_USER_ID IS '回复人';
COMMENT ON COLUMN CMS_GUESTBOOK.RE_DATE IS '回复时间';
COMMENT ON COLUMN CMS_GUESTBOOK.RE_CONTENT IS '回复内容';
COMMENT ON COLUMN CMS_GUESTBOOK.CREATE_USER IS '创建者';
COMMENT ON COLUMN CMS_GUESTBOOK.CREATE_DATE IS '创建时间';
COMMENT ON COLUMN CMS_GUESTBOOK.UPDATE_USER IS '更新者';
COMMENT ON COLUMN CMS_GUESTBOOK.UPDATE_DATE IS '更新时间';
COMMENT ON COLUMN CMS_GUESTBOOK.REMARKS IS '备注信息';
COMMENT ON COLUMN CMS_GUESTBOOK.DEL_FLAG IS '删除标记';


DROP TABLE CMS_SITE CASCADE CONSTRAINTS;
CREATE TABLE CMS_SITE (
ID CHAR(32) not null ,
NAME VARCHAR(100),
TITLE VARCHAR(100),
LOGO VARCHAR(255),
DOMAIN VARCHAR(255),
DESCRIPTION VARCHAR(255),
KEYWORDS VARCHAR(255),
THEME VARCHAR(255),
COPYRIGHT TEXT,
CUSTOM_VIEW VARCHAR(255),
CREATE_USER VARCHAR(64),
CREATE_DATE DATETIME,
UPDATE_USER VARCHAR(64),
UPDATE_DATE DATETIME,
REMARKS VARCHAR(255),
DEL_FLAG CHAR(1)
);
ALTER TABLE CMS_SITE ADD CONSTRAINT SYS_C0011460 PRIMARY KEY (ID);
COMMENT ON TABLE CMS_SITE IS '站点表';
COMMENT ON COLUMN CMS_SITE.ID IS '编号';
COMMENT ON COLUMN CMS_SITE.NAME IS '站点名称';
COMMENT ON COLUMN CMS_SITE.TITLE IS '站点标题';
COMMENT ON COLUMN CMS_SITE.LOGO IS '站点Logo';
COMMENT ON COLUMN CMS_SITE.DOMAIN IS '站点域名';
COMMENT ON COLUMN CMS_SITE.DESCRIPTION IS '描述';
COMMENT ON COLUMN CMS_SITE.KEYWORDS IS '关键字';
COMMENT ON COLUMN CMS_SITE.THEME IS '主题';
COMMENT ON COLUMN CMS_SITE.COPYRIGHT IS '版权信息';
COMMENT ON COLUMN CMS_SITE.CUSTOM_VIEW IS '自定义站点首页视图';
COMMENT ON COLUMN CMS_SITE.CREATE_USER IS '创建者';
COMMENT ON COLUMN CMS_SITE.CREATE_DATE IS '创建时间';
COMMENT ON COLUMN CMS_SITE.UPDATE_USER IS '更新者';
COMMENT ON COLUMN CMS_SITE.UPDATE_DATE IS '更新时间';
COMMENT ON COLUMN CMS_SITE.REMARKS IS '备注信息';
COMMENT ON COLUMN CMS_SITE.DEL_FLAG IS '删除标记';


DROP TABLE MOD_TABLE CASCADE CONSTRAINTS;
CREATE TABLE MOD_TABLE (
ID CHAR(32) not null ,
CREATE_DATE DATETIME,
CREATE_USER VARCHAR(50),
UPDATE_DATE DATETIME,
UPDATE_USER VARCHAR(50),
NAME VARCHAR(200),
COMMENTS VARCHAR(500),
PARENT_TABLE VARCHAR(200),
PARENT_TABLE_FK VARCHAR(100),
REMARKS VARCHAR(255),
DEL_FLAG CHAR(1)
);
ALTER TABLE MOD_TABLE ADD CONSTRAINT MOD_TABLE_ID PRIMARY KEY (ID);
COMMENT ON TABLE MOD_TABLE IS '业务表';
COMMENT ON COLUMN MOD_TABLE.ID IS '主键';
COMMENT ON COLUMN MOD_TABLE.CREATE_DATE IS '创建日期';
COMMENT ON COLUMN MOD_TABLE.CREATE_USER IS '创建用户';
COMMENT ON COLUMN MOD_TABLE.UPDATE_DATE IS '修改日期';
COMMENT ON COLUMN MOD_TABLE.UPDATE_USER IS '修改用户';
COMMENT ON COLUMN MOD_TABLE.NAME IS '名称';
COMMENT ON COLUMN MOD_TABLE.COMMENTS IS '描述';
COMMENT ON COLUMN MOD_TABLE.PARENT_TABLE IS '关联父表';
COMMENT ON COLUMN MOD_TABLE.PARENT_TABLE_FK IS '关联父表外键';
COMMENT ON COLUMN MOD_TABLE.REMARKS IS '备注信息';
COMMENT ON COLUMN MOD_TABLE.DEL_FLAG IS '删除标记（0：正常；1：删除）';


DROP TABLE MOD_TABLE_COLUMN CASCADE CONSTRAINTS;
CREATE TABLE MOD_TABLE_COLUMN (
ID CHAR(32) not null ,
CREATE_DATE DATETIME,
CREATE_USER VARCHAR(50),
UPDATE_DATE DATETIME,
UPDATE_USER VARCHAR(200),
TABLE_NAME VARCHAR(200),
NAME VARCHAR(200),
COMMENTS VARCHAR(200),
JDBC_TYPE VARCHAR(200),
JDBC_LENGTH VARCHAR(200),
IS_NULL CHAR(1),
IS_EDIT CHAR(1),
CATEGORY VARCHAR(200),
DEFAULT_VALUE VARCHAR(4000),
VALID_TYPE VARCHAR(200),
SETTINGS VARCHAR(4000),
REMARKS VARCHAR(255),
DEL_FLAG CHAR(1),
HTML_INNER VARCHAR(4000),
IS_LIST CHAR(1),
IS_QUERY CHAR(1),
LIST_WIDTH DOUBLE(10,2),
QUERY_WIDTH DOUBLE(10,2)
);
ALTER TABLE MOD_TABLE_COLUMN ADD CONSTRAINT MOD_TABLE_COLUMN_ID PRIMARY KEY (ID);
COMMENT ON TABLE MOD_TABLE_COLUMN IS '业务表字段';
COMMENT ON COLUMN MOD_TABLE_COLUMN.ID IS '主键';
COMMENT ON COLUMN MOD_TABLE_COLUMN.CREATE_DATE IS '创建日期';
COMMENT ON COLUMN MOD_TABLE_COLUMN.CREATE_USER IS '创建用户';
COMMENT ON COLUMN MOD_TABLE_COLUMN.UPDATE_DATE IS '修改日期';
COMMENT ON COLUMN MOD_TABLE_COLUMN.UPDATE_USER IS '修改用户';
COMMENT ON COLUMN MOD_TABLE_COLUMN.TABLE_NAME IS '业务表';
COMMENT ON COLUMN MOD_TABLE_COLUMN.NAME IS '列名';
COMMENT ON COLUMN MOD_TABLE_COLUMN.COMMENTS IS '注释';
COMMENT ON COLUMN MOD_TABLE_COLUMN.JDBC_TYPE IS '数据库类型及长度';
COMMENT ON COLUMN MOD_TABLE_COLUMN.JDBC_LENGTH IS '是否主键';
COMMENT ON COLUMN MOD_TABLE_COLUMN.IS_NULL IS '是否可为空';
COMMENT ON COLUMN MOD_TABLE_COLUMN.IS_EDIT IS '是否编辑字段';
COMMENT ON COLUMN MOD_TABLE_COLUMN.CATEGORY IS '字段生成方案';
COMMENT ON COLUMN MOD_TABLE_COLUMN.DEFAULT_VALUE IS '默认值';
COMMENT ON COLUMN MOD_TABLE_COLUMN.VALID_TYPE IS '校验类型';
COMMENT ON COLUMN MOD_TABLE_COLUMN.SETTINGS IS '扩展设置';
COMMENT ON COLUMN MOD_TABLE_COLUMN.REMARKS IS '备注信息';
COMMENT ON COLUMN MOD_TABLE_COLUMN.DEL_FLAG IS '删除标记（0：正常；1：删除）';
COMMENT ON COLUMN MOD_TABLE_COLUMN.HTML_INNER IS '代码扩展';
COMMENT ON COLUMN MOD_TABLE_COLUMN.IS_LIST IS '是否列表字段';
COMMENT ON COLUMN MOD_TABLE_COLUMN.IS_QUERY IS '是否查询字段';
COMMENT ON COLUMN MOD_TABLE_COLUMN.LIST_WIDTH IS '列表显示宽度';
COMMENT ON COLUMN MOD_TABLE_COLUMN.QUERY_WIDTH IS '查询框宽度';


DROP TABLE OA_LEAVE CASCADE CONSTRAINTS;
CREATE TABLE OA_LEAVE (
ID CHAR(32) not null ,
CREATEDATE DATETIME,
CREATEUSER VARCHAR(50),
UPDATEDATE DATETIME,
UPDATEUSER VARCHAR(50),
BINDID VARCHAR(60),
REASON VARCHAR(500),
STARTTIME DATETIME,
ENDTIME DATETIME,
LEAVETYPE VARCHAR(50)
);
ALTER TABLE OA_LEAVE ADD CONSTRAINT OA_LEAVE_ID PRIMARY KEY (ID);
COMMENT ON TABLE OA_LEAVE IS '请假申请';
COMMENT ON COLUMN OA_LEAVE.ID IS '主键';
COMMENT ON COLUMN OA_LEAVE.CREATEDATE IS '创建日期';
COMMENT ON COLUMN OA_LEAVE.CREATEUSER IS '创建用户';
COMMENT ON COLUMN OA_LEAVE.UPDATEDATE IS '修改日期';
COMMENT ON COLUMN OA_LEAVE.UPDATEUSER IS '修改用户';
COMMENT ON COLUMN OA_LEAVE.BINDID IS '流程绑定主键';
COMMENT ON COLUMN OA_LEAVE.REASON IS '请假原因';
COMMENT ON COLUMN OA_LEAVE.STARTTIME IS '请假开始时间';
COMMENT ON COLUMN OA_LEAVE.ENDTIME IS '请假结束时间';
COMMENT ON COLUMN OA_LEAVE.LEAVETYPE IS '请假类型';


DROP TABLE SYS_DEPARTMENT CASCADE CONSTRAINTS;
CREATE TABLE SYS_DEPARTMENT (
ID CHAR(32) not null ,
PARENT_ID CHAR(32),
SEQUENCE INTEGER(10),
NAME VARCHAR(50),
CODE VARCHAR(100)
);
ALTER TABLE SYS_DEPARTMENT ADD CONSTRAINT SYS_DEPARTMENT_ID PRIMARY KEY (ID);
COMMENT ON TABLE SYS_DEPARTMENT IS '部门';
COMMENT ON COLUMN SYS_DEPARTMENT.ID IS '主键';
COMMENT ON COLUMN SYS_DEPARTMENT.PARENT_ID IS '外键';
COMMENT ON COLUMN SYS_DEPARTMENT.SEQUENCE IS '排序';
COMMENT ON COLUMN SYS_DEPARTMENT.NAME IS '部门名称';
COMMENT ON COLUMN SYS_DEPARTMENT.CODE IS '部门编号';


DROP TABLE SYS_DICT CASCADE CONSTRAINTS;
CREATE TABLE SYS_DICT (
ID CHAR(32) not null ,
VALUE VARCHAR(50),
LABEL VARCHAR(50),
CATEGORY VARCHAR(50),
DESCRIPTION VARCHAR(50),
SEQUENCE INTEGER(10),
PARENT_ID CHAR(32)
);
ALTER TABLE SYS_DICT ADD CONSTRAINT SYS_DICT_ID PRIMARY KEY (ID);
COMMENT ON TABLE SYS_DICT IS '系统字典';
COMMENT ON COLUMN SYS_DICT.ID IS '主键';
COMMENT ON COLUMN SYS_DICT.VALUE IS '数据值';
COMMENT ON COLUMN SYS_DICT.LABEL IS '标签名';
COMMENT ON COLUMN SYS_DICT.CATEGORY IS '分类';
COMMENT ON COLUMN SYS_DICT.DESCRIPTION IS '描述';
COMMENT ON COLUMN SYS_DICT.SEQUENCE IS '排序';
COMMENT ON COLUMN SYS_DICT.PARENT_ID IS '父主键';


DROP TABLE SYS_LOG CASCADE CONSTRAINTS;
CREATE TABLE SYS_LOG (
ID CHAR(32) not null ,
TYPE CHAR(1),
TITLE VARCHAR(500),
CREATE_USER VARCHAR(64),
CREATE_DATE DATETIME,
REMOTE_ADDR VARCHAR(255),
USER_AGENT VARCHAR(255),
REQUEST_URI VARCHAR(255),
METHOD VARCHAR(5),
PARAMS TEXT,
EXCEPTION TEXT,
SPEND_TIME INTEGER(10)
);
ALTER TABLE SYS_LOG ADD CONSTRAINT SYS_C0011468 PRIMARY KEY (ID);
COMMENT ON TABLE SYS_LOG IS '日志表';
COMMENT ON COLUMN SYS_LOG.ID IS '主键';
COMMENT ON COLUMN SYS_LOG.TYPE IS '日志类型';
COMMENT ON COLUMN SYS_LOG.TITLE IS '日志标题';
COMMENT ON COLUMN SYS_LOG.CREATE_USER IS '创建者';
COMMENT ON COLUMN SYS_LOG.CREATE_DATE IS '创建时间';
COMMENT ON COLUMN SYS_LOG.REMOTE_ADDR IS '操作用户的IP地址';
COMMENT ON COLUMN SYS_LOG.USER_AGENT IS '操作用户代理信息';
COMMENT ON COLUMN SYS_LOG.REQUEST_URI IS '操作的URI';
COMMENT ON COLUMN SYS_LOG.METHOD IS '操作的方式';
COMMENT ON COLUMN SYS_LOG.PARAMS IS '操作提交的数据';
COMMENT ON COLUMN SYS_LOG.EXCEPTION IS '异常信息';
COMMENT ON COLUMN SYS_LOG.SPEND_TIME IS '耗费时间';


DROP TABLE SYS_MENU CASCADE CONSTRAINTS;
CREATE TABLE SYS_MENU (
ID CHAR(32) not null ,
PARENT_ID CHAR(32),
NAME VARCHAR(50),
URL VARCHAR(500),
SEQUENCE INTEGER(10),
ICON VARCHAR(50),
TARGET VARCHAR(50)
);
ALTER TABLE SYS_MENU ADD CONSTRAINT SYS_MENU_ID PRIMARY KEY (ID);
COMMENT ON TABLE SYS_MENU IS '导航菜单';
COMMENT ON COLUMN SYS_MENU.ID IS '主键';
COMMENT ON COLUMN SYS_MENU.PARENT_ID IS '外键';
COMMENT ON COLUMN SYS_MENU.NAME IS '名称';
COMMENT ON COLUMN SYS_MENU.URL IS 'URL';
COMMENT ON COLUMN SYS_MENU.SEQUENCE IS '排序';
COMMENT ON COLUMN SYS_MENU.ICON IS '图标';
COMMENT ON COLUMN SYS_MENU.TARGET IS '打开方式';


DROP TABLE SYS_MODULE CASCADE CONSTRAINTS;
CREATE TABLE SYS_MODULE (
ID CHAR(32) not null ,
NAME VARCHAR(50),
SHIRO VARCHAR(50)
);
ALTER TABLE SYS_MODULE ADD CONSTRAINT SYS_MODULE_ID PRIMARY KEY (ID);
COMMENT ON TABLE SYS_MODULE IS '系统模块';
COMMENT ON COLUMN SYS_MODULE.ID IS '主键';
COMMENT ON COLUMN SYS_MODULE.NAME IS '模块名称';
COMMENT ON COLUMN SYS_MODULE.SHIRO IS '权限';


DROP TABLE SYS_MODULE_PERMISSION CASCADE CONSTRAINTS;
CREATE TABLE SYS_MODULE_PERMISSION (
MODULE_ID CHAR(32) not null ,
PERMISSION_ID VARCHAR(50) not null 
);
ALTER TABLE SYS_MODULE_PERMISSION ADD CONSTRAINT SYS_MODULE_PERMISSION_ID PRIMARY KEY (MODULE_ID,PERMISSION_ID);
COMMENT ON TABLE SYS_MODULE_PERMISSION IS '模块权限';
COMMENT ON COLUMN SYS_MODULE_PERMISSION.MODULE_ID IS '模块主键';
COMMENT ON COLUMN SYS_MODULE_PERMISSION.PERMISSION_ID IS '权限主键';


DROP TABLE SYS_PERMISSION CASCADE CONSTRAINTS;
CREATE TABLE SYS_PERMISSION (
ID VARCHAR(50) not null ,
SEQUENCE INTEGER(10),
NAME VARCHAR(50)
);
ALTER TABLE SYS_PERMISSION ADD CONSTRAINT SYS_PERMISSION_ID PRIMARY KEY (ID);
COMMENT ON TABLE SYS_PERMISSION IS '权限';
COMMENT ON COLUMN SYS_PERMISSION.ID IS '主键';
COMMENT ON COLUMN SYS_PERMISSION.SEQUENCE IS '排序';
COMMENT ON COLUMN SYS_PERMISSION.NAME IS '权限名';


DROP TABLE SYS_ROLE CASCADE CONSTRAINTS;
CREATE TABLE SYS_ROLE (
ID CHAR(32) not null ,
NAME VARCHAR(50),
SHIRO VARCHAR(50)
);
ALTER TABLE SYS_ROLE ADD CONSTRAINT SYS_ROLE_ID PRIMARY KEY (ID);
COMMENT ON TABLE SYS_ROLE IS '角色';
COMMENT ON COLUMN SYS_ROLE.ID IS '主键';
COMMENT ON COLUMN SYS_ROLE.NAME IS '角色名';
COMMENT ON COLUMN SYS_ROLE.SHIRO IS '权限';


DROP TABLE SYS_ROLE_MENU CASCADE CONSTRAINTS;
CREATE TABLE SYS_ROLE_MENU (
ROLE_ID CHAR(32) not null ,
MENU_ID CHAR(32) not null 
);
ALTER TABLE SYS_ROLE_MENU ADD CONSTRAINT SYS_ROLE_MENU_ID PRIMARY KEY (ROLE_ID,MENU_ID);
COMMENT ON TABLE SYS_ROLE_MENU IS '角色菜单';
COMMENT ON COLUMN SYS_ROLE_MENU.ROLE_ID IS '角色主键';
COMMENT ON COLUMN SYS_ROLE_MENU.MENU_ID IS '菜单主键';


DROP TABLE SYS_ROLE_MODULE CASCADE CONSTRAINTS;
CREATE TABLE SYS_ROLE_MODULE (
ROLE_ID CHAR(32) not null ,
MODULE_ID CHAR(32) not null 
);
ALTER TABLE SYS_ROLE_MODULE ADD CONSTRAINT SYS_ROLE_MODULE_ID PRIMARY KEY (ROLE_ID,MODULE_ID);
COMMENT ON TABLE SYS_ROLE_MODULE IS '角色模块';
COMMENT ON COLUMN SYS_ROLE_MODULE.ROLE_ID IS '角色主键';
COMMENT ON COLUMN SYS_ROLE_MODULE.MODULE_ID IS '模块主键';


DROP TABLE SYS_SKINS CASCADE CONSTRAINTS;
CREATE TABLE SYS_SKINS (
ID CHAR(32) not null ,
NAME VARCHAR(50),
URL VARCHAR(100),
STATE VARCHAR(1),
MAIN VARCHAR(100)
);
ALTER TABLE SYS_SKINS ADD CONSTRAINT SYS_SKINS_ID PRIMARY KEY (ID);
COMMENT ON TABLE SYS_SKINS IS '系统皮肤';
COMMENT ON COLUMN SYS_SKINS.ID IS '主键';
COMMENT ON COLUMN SYS_SKINS.NAME IS '说明';
COMMENT ON COLUMN SYS_SKINS.URL IS '路径';
COMMENT ON COLUMN SYS_SKINS.STATE IS '状态';
COMMENT ON COLUMN SYS_SKINS.MAIN IS '页面';


DROP TABLE SYS_UPLOADFILE CASCADE CONSTRAINTS;
CREATE TABLE SYS_UPLOADFILE (
ID CHAR(32),
VIEWNAME VARCHAR(100),
REALNAME VARCHAR(100),
URL VARCHAR(500),
REALURL VARCHAR(500),
SUFFIX VARCHAR(10),
FILESIZE VARCHAR(50),
CREATEDATE DATETIME
);

COMMENT ON TABLE SYS_UPLOADFILE IS '系统附件表';
COMMENT ON COLUMN SYS_UPLOADFILE.ID IS '主键';
COMMENT ON COLUMN SYS_UPLOADFILE.VIEWNAME IS '文件原名';
COMMENT ON COLUMN SYS_UPLOADFILE.REALNAME IS '文件存储名';
COMMENT ON COLUMN SYS_UPLOADFILE.URL IS 'WEB访问路径';
COMMENT ON COLUMN SYS_UPLOADFILE.REALURL IS '服务器真实路径';
COMMENT ON COLUMN SYS_UPLOADFILE.SUFFIX IS '后缀名';
COMMENT ON COLUMN SYS_UPLOADFILE.FILESIZE IS '文件大小';
COMMENT ON COLUMN SYS_UPLOADFILE.CREATEDATE IS '上传时间';


DROP TABLE SYS_USER CASCADE CONSTRAINTS;
CREATE TABLE SYS_USER (
ID CHAR(32) not null ,
USER_NAME VARCHAR(50),
PASSWORD VARCHAR(50),
NAME VARCHAR(50),
DEPARTMENT_ID CHAR(32),
STATE CHAR(1),
EMAIL VARCHAR(50),
PHONE VARCHAR(50)
);
ALTER TABLE SYS_USER ADD CONSTRAINT SYS_USER_ID PRIMARY KEY (ID);
COMMENT ON TABLE SYS_USER IS '用户信息';
COMMENT ON COLUMN SYS_USER.ID IS '主键';
COMMENT ON COLUMN SYS_USER.USER_NAME IS '账号';
COMMENT ON COLUMN SYS_USER.PASSWORD IS '密码';
COMMENT ON COLUMN SYS_USER.NAME IS '用户名';
COMMENT ON COLUMN SYS_USER.DEPARTMENT_ID IS '部门';
COMMENT ON COLUMN SYS_USER.STATE IS '状态';
COMMENT ON COLUMN SYS_USER.EMAIL IS '邮箱';
COMMENT ON COLUMN SYS_USER.PHONE IS '电话';


DROP TABLE SYS_USER_ROLE CASCADE CONSTRAINTS;
CREATE TABLE SYS_USER_ROLE (
USER_ID CHAR(32) not null ,
ROLE_ID CHAR(32) not null 
);
ALTER TABLE SYS_USER_ROLE ADD CONSTRAINT SYS_USER_ROLE_ID PRIMARY KEY (USER_ID,ROLE_ID);
COMMENT ON TABLE SYS_USER_ROLE IS '用户角色';
COMMENT ON COLUMN SYS_USER_ROLE.USER_ID IS '用户主键';
COMMENT ON COLUMN SYS_USER_ROLE.ROLE_ID IS '角色主键';


INSERT INTO CMS_COMMENT (ID,CATEGORY_ID,CONTENT_ID,SCORE,CONTENT,NAME,IP,AUDIT_USER_ID,AUDIT_DATE,CREATE_USER,CREATE_DATE,UPDATE_USER,UPDATE_DATE,REMARKS,DEL_FLAG) 
VALUES ('355222f869db4f4fb8a22e6888aabe48','355222f869db4f4fb8a22e6888aabe48','355222f869db4f4fb8a22e6888aabe48',5,'很不错','匿名','127.0.0.1','3a657ea8ddc745a698d51aeea2183f4d',to_timestamp('2015-10-13 00:00:00.0','yyyy-mm-dd hh24:mi:ss:ff')+0,null,null,'system',to_timestamp('2015-10-13 09:32:12.0','yyyy-mm-dd hh24:mi:ss:ff')+0,null,'1');

INSERT INTO CMS_COMMENT (ID,CATEGORY_ID,CONTENT_ID,SCORE,CONTENT,NAME,IP,AUDIT_USER_ID,AUDIT_DATE,CREATE_USER,CREATE_DATE,UPDATE_USER,UPDATE_DATE,REMARKS,DEL_FLAG) 
VALUES ('0af80866e7c143fa860f1e25b2d46e26',null,null,3,'评论内容','评论者','127.0.0.1',null,to_timestamp('2015-10-13 00:00:00.0','yyyy-mm-dd hh24:mi:ss:ff')+0,null,to_timestamp('2015-10-13 10:02:47.0','yyyy-mm-dd hh24:mi:ss:ff')+0,null,to_timestamp('2015-10-13 10:03:09.0','yyyy-mm-dd hh24:mi:ss:ff')+0,null,'1');

INSERT INTO CMS_GUESTBOOK (ID,TYPE,CONTENT,NAME,EMAIL,PHONE,WORKUNIT,IP,RE_USER_ID,RE_DATE,RE_CONTENT,CREATE_USER,CREATE_DATE,UPDATE_USER,UPDATE_DATE,REMARKS,DEL_FLAG) 
VALUES ('3a657ea8ddc745a698d51aeea2183f4d','1','咨询','张三','qq@qq.com','15156845635','无业','127.0.0.1','3a657ea8ddc745a698d51aeea2183f4d',to_timestamp('2015-10-13 00:00:00.0','yyyy-mm-dd hh24:mi:ss:ff')+0,'你想资讯什么',null,null,'system',to_timestamp('2015-10-13 09:00:52.0','yyyy-mm-dd hh24:mi:ss:ff')+0,null,'0');

INSERT INTO CMS_GUESTBOOK (ID,TYPE,CONTENT,NAME,EMAIL,PHONE,WORKUNIT,IP,RE_USER_ID,RE_DATE,RE_CONTENT,CREATE_USER,CREATE_DATE,UPDATE_USER,UPDATE_DATE,REMARKS,DEL_FLAG) 
VALUES ('f95b913873c547e19131e93d04046734','2','内容','匿名',null,null,null,'127.0.0.1',null,null,null,null,to_timestamp('2015-10-13 09:54:56.0','yyyy-mm-dd hh24:mi:ss:ff')+0,null,null,null,null);

INSERT INTO CMS_GUESTBOOK (ID,TYPE,CONTENT,NAME,EMAIL,PHONE,WORKUNIT,IP,RE_USER_ID,RE_DATE,RE_CONTENT,CREATE_USER,CREATE_DATE,UPDATE_USER,UPDATE_DATE,REMARKS,DEL_FLAG) 
VALUES ('acc4f545a2eb49aebd11643ac7c86e66','2','内容','匿名',null,null,null,'127.0.0.1',null,null,null,null,to_timestamp('2015-10-13 09:58:28.0','yyyy-mm-dd hh24:mi:ss:ff')+0,null,null,null,null);

INSERT INTO CMS_GUESTBOOK (ID,TYPE,CONTENT,NAME,EMAIL,PHONE,WORKUNIT,IP,RE_USER_ID,RE_DATE,RE_CONTENT,CREATE_USER,CREATE_DATE,UPDATE_USER,UPDATE_DATE,REMARKS,DEL_FLAG) 
VALUES ('833093914a1a49cd8222dbf0046009e8','2','内容','匿名',null,null,null,'127.0.0.1',null,null,null,null,to_timestamp('2015-10-13 09:58:49.0','yyyy-mm-dd hh24:mi:ss:ff')+0,null,null,null,null);

INSERT INTO CMS_SITE (ID,NAME,TITLE,LOGO,DOMAIN,DESCRIPTION,KEYWORDS,THEME,COPYRIGHT,CUSTOM_VIEW,CREATE_USER,CREATE_DATE,UPDATE_USER,UPDATE_DATE,REMARKS,DEL_FLAG) 
VALUES ('f9427f770859414793a43bcfcc36553b','11','22','upload/image/89ea3b6bb9934a3bad7dd8d2c16fa70a.png','44','55','66','77',88,'99','system',to_timestamp('2015-06-23 09:32:16.0','yyyy-mm-dd hh24:mi:ss:ff')+0,'system',to_timestamp('2015-10-13 11:48:01.0','yyyy-mm-dd hh24:mi:ss:ff')+0,'00','0');

INSERT INTO CMS_SITE (ID,NAME,TITLE,LOGO,DOMAIN,DESCRIPTION,KEYWORDS,THEME,COPYRIGHT,CUSTOM_VIEW,CREATE_USER,CREATE_DATE,UPDATE_USER,UPDATE_DATE,REMARKS,DEL_FLAG) 
VALUES ('3142b15af04c4479888127a7d15b6c04','22','33','upload/image/4536276e0d02429ea91fdc2295e993e0.png','44','55','66','7',88,'9','system',to_timestamp('2015-10-13 11:51:21.0','yyyy-mm-dd hh24:mi:ss:ff')+0,null,null,null,null);

INSERT INTO CMS_SITE (ID,NAME,TITLE,LOGO,DOMAIN,DESCRIPTION,KEYWORDS,THEME,COPYRIGHT,CUSTOM_VIEW,CREATE_USER,CREATE_DATE,UPDATE_USER,UPDATE_DATE,REMARKS,DEL_FLAG) 
VALUES ('f30a531758724f99b16a799aa476c39b','33','55','upload/image/f177a088942341b29e164397e69ab901.png','44','77','88','99',66,'33','system',to_timestamp('2015-10-13 11:56:07.0','yyyy-mm-dd hh24:mi:ss:ff')+0,null,null,null,null);

INSERT INTO MOD_TABLE (ID,CREATE_DATE,CREATE_USER,UPDATE_DATE,UPDATE_USER,NAME,COMMENTS,PARENT_TABLE,PARENT_TABLE_FK,REMARKS,DEL_FLAG) 
VALUES ('c8ab465058644015a494fa32302fef9c',to_timestamp('2015-12-28 14:20:59.0','yyyy-mm-dd hh24:mi:ss:ff')+0,'system',to_timestamp('2015-12-28 14:20:59.0','yyyy-mm-dd hh24:mi:ss:ff')+0,null,'BO_DEMO','演示',null,null,null,null);

INSERT INTO MOD_TABLE_COLUMN (ID,CREATE_DATE,CREATE_USER,UPDATE_DATE,UPDATE_USER,TABLE_NAME,NAME,COMMENTS,JDBC_TYPE,JDBC_LENGTH,IS_NULL,IS_EDIT,CATEGORY,DEFAULT_VALUE,VALID_TYPE,SETTINGS,REMARKS,DEL_FLAG,HTML_INNER,IS_LIST,IS_QUERY,LIST_WIDTH,QUERY_WIDTH) 
VALUES ('f7c32c721a6a45d79c6d8667a8df189c',to_timestamp('2016-01-21 11:12:00.0','yyyy-mm-dd hh24:mi:ss:ff')+0,'system',to_timestamp('2016-01-21 14:29:15.0','yyyy-mm-dd hh24:mi:ss:ff')+0,'system','BO_DEMO','EXPRESSION','表达式','VARCHAR2','100','Y','Y','textarea','@userId在@dateTime登录',null,'multiline:true,prompt:'@userId==@userName==@name==@departmentId==@departmentName==@year'',null,null,'style="height:100px"','Y','Y',null,null);

INSERT INTO MOD_TABLE_COLUMN (ID,CREATE_DATE,CREATE_USER,UPDATE_DATE,UPDATE_USER,TABLE_NAME,NAME,COMMENTS,JDBC_TYPE,JDBC_LENGTH,IS_NULL,IS_EDIT,CATEGORY,DEFAULT_VALUE,VALID_TYPE,SETTINGS,REMARKS,DEL_FLAG,HTML_INNER,IS_LIST,IS_QUERY,LIST_WIDTH,QUERY_WIDTH) 
VALUES ('910a75da82c341119044dd45e09330bf',to_timestamp('2015-12-28 15:34:04.0','yyyy-mm-dd hh24:mi:ss:ff')+0,'system',to_timestamp('2016-01-21 12:59:51.0','yyyy-mm-dd hh24:mi:ss:ff')+0,'system','BO_DEMO','TREE_ID','下拉树','VARCHAR2','100','Y','Y','combobox',null,null,'SQL>select * from sys_user where id='@userId'|id|name',null,null,null,'Y','Y',null,null);

INSERT INTO OA_LEAVE (ID,CREATEDATE,CREATEUSER,UPDATEDATE,UPDATEUSER,BINDID,REASON,STARTTIME,ENDTIME,LEAVETYPE) 
VALUES ('bd68cfc58e214ff6a17d3e35ecb750f1',to_timestamp('2015-10-05 14:43:46.0','yyyy-mm-dd hh24:mi:ss:ff')+0,'employee',to_timestamp('2015-10-05 16:06:30.0','yyyy-mm-dd hh24:mi:ss:ff')+0,'employee','d88dbc95353a4682b968687642c99760','我要请假啊',to_timestamp('2015-10-05 14:44:00.0','yyyy-mm-dd hh24:mi:ss:ff')+0,to_timestamp('2015-10-15 14:44:01.0','yyyy-mm-dd hh24:mi:ss:ff')+0,'事假');

INSERT INTO OA_LEAVE (ID,CREATEDATE,CREATEUSER,UPDATEDATE,UPDATEUSER,BINDID,REASON,STARTTIME,ENDTIME,LEAVETYPE) 
VALUES ('fb0fad4f97944d01925b3fd75838d1e3',to_timestamp('2015-09-22 10:55:36.0','yyyy-mm-dd hh24:mi:ss:ff')+0,'employee',to_timestamp('2015-09-22 11:02:17.0','yyyy-mm-dd hh24:mi:ss:ff')+0,'employee','4e21f0dd2b364ef7aabd450988af9cc6','我要请假~',to_timestamp('2015-09-22 10:56:48.0','yyyy-mm-dd hh24:mi:ss:ff')+0,to_timestamp('2015-09-26 10:56:50.0','yyyy-mm-dd hh24:mi:ss:ff')+0,'事假');

INSERT INTO SYS_DEPARTMENT (ID,PARENT_ID,SEQUENCE,NAME,CODE) 
VALUES ('dad8faf2f3eb4d279ef04decb91ca4c0','00000000000000000000000000000000',0,'超级系统管理员','001');

INSERT INTO SYS_DEPARTMENT (ID,PARENT_ID,SEQUENCE,NAME,CODE) 
VALUES ('00000000000000000000000000000000','ffffffffffffffffffffffffffffffff',0,'系统部门','dept');

INSERT INTO SYS_DEPARTMENT (ID,PARENT_ID,SEQUENCE,NAME,CODE) 
VALUES ('e51ba1c688204117bd08b8ce2393e756','00000000000000000000000000000000',1,'研发部','YFB001');

INSERT INTO SYS_DICT (ID,VALUE,LABEL,CATEGORY,DESCRIPTION,SEQUENCE,PARENT_ID) 
VALUES ('006dd9700c6343a996fffdb837d4df02','sort','排序方式','root','排序方式字典',2,'00000000000000000000000000000000');

INSERT INTO SYS_DICT (ID,VALUE,LABEL,CATEGORY,DESCRIPTION,SEQUENCE,PARENT_ID) 
VALUES ('3ef666c12386464b8bb72919bfedf095','asc','升序','sort','排序方式升序',1,'006dd9700c6343a996fffdb837d4df02');

INSERT INTO SYS_DICT (ID,VALUE,LABEL,CATEGORY,DESCRIPTION,SEQUENCE,PARENT_ID) 
VALUES ('abec26fffaa142bf8fddbba148cb4fb1','desc','降序','sort','排序方式降序',5,'006dd9700c6343a996fffdb837d4df02');

INSERT INTO SYS_DICT (ID,VALUE,LABEL,CATEGORY,DESCRIPTION,SEQUENCE,PARENT_ID) 
VALUES ('425c2bb98782417aa0e398c3a120504e','=','等于','query','排序方式等于',1,'b23f0094a5c54035aac65c3a6e8bbc13');

INSERT INTO SYS_DICT (ID,VALUE,LABEL,CATEGORY,DESCRIPTION,SEQUENCE,PARENT_ID) 
VALUES ('e947732a62164859bc573208bc1c1ea3','like','LIKE','query','排序方式LIKE',25,'b23f0094a5c54035aac65c3a6e8bbc13');

INSERT INTO SYS_DICT (ID,VALUE,LABEL,CATEGORY,DESCRIPTION,SEQUENCE,PARENT_ID) 
VALUES ('a71be6d72bc9496c97444dd174681255','valid','校验类型','root','表单数据校验类型',4,'00000000000000000000000000000000');

INSERT INTO SYS_DICT (ID,VALUE,LABEL,CATEGORY,DESCRIPTION,SEQUENCE,PARENT_ID) 
VALUES ('93a5e915621c415ba833415d16550043','editable','是否可编辑','root','是否可编辑',7,'00000000000000000000000000000000');

INSERT INTO SYS_DICT (ID,VALUE,LABEL,CATEGORY,DESCRIPTION,SEQUENCE,PARENT_ID) 
VALUES ('46d0f15b58d74d0fae3a14d0449c6a33','Y','是','editable','是',5,'93a5e915621c415ba833415d16550043');

INSERT INTO SYS_DICT (ID,VALUE,LABEL,CATEGORY,DESCRIPTION,SEQUENCE,PARENT_ID) 
VALUES ('285e75fb2c214e14965b8f6a0647d2a1','N','否','editable','否',10,'93a5e915621c415ba833415d16550043');

INSERT INTO SYS_DICT (ID,VALUE,LABEL,CATEGORY,DESCRIPTION,SEQUENCE,PARENT_ID) 
VALUES ('b58d8337fde44cc6931f9a317c1ec461','D','禁用','editable','禁用',15,'93a5e915621c415ba833415d16550043');

INSERT INTO SYS_DICT (ID,VALUE,LABEL,CATEGORY,DESCRIPTION,SEQUENCE,PARENT_ID) 
VALUES ('bfc0b1a8cfe143b0a244679851d08a99','H','隐藏','editable','隐藏',20,'93a5e915621c415ba833415d16550043');

INSERT INTO SYS_DICT (ID,VALUE,LABEL,CATEGORY,DESCRIPTION,SEQUENCE,PARENT_ID) 
VALUES ('be8704e7e9c44e4e8eb526a9bfd51f45','combotree','下拉树','columnCategory','下拉树',38,'8bffb44c5100487f93c01c9619448680');

INSERT INTO SYS_DICT (ID,VALUE,LABEL,CATEGORY,DESCRIPTION,SEQUENCE,PARENT_ID) 
VALUES ('86910beecfa144139c0cb37a44bfe832','D','禁用','yes_no_hidden','disable',13,'05da54f04ce0408e89c839402f83b3f8');

INSERT INTO SYS_DICT (ID,VALUE,LABEL,CATEGORY,DESCRIPTION,SEQUENCE,PARENT_ID) 
VALUES ('05da54f04ce0408e89c839402f83b3f8','yes_no_hidden','表单字段编辑权限','root','表单是否编辑或隐藏',2,'00000000000000000000000000000000');

INSERT INTO SYS_DICT (ID,VALUE,LABEL,CATEGORY,DESCRIPTION,SEQUENCE,PARENT_ID) 
VALUES ('bad1cc7d03c4456ab08347f98297aace','N','否','yes_no_hidden','否',10,'05da54f04ce0408e89c839402f83b3f8');

INSERT INTO SYS_DICT (ID,VALUE,LABEL,CATEGORY,DESCRIPTION,SEQUENCE,PARENT_ID) 
VALUES ('27b2f554dc474ddc81840b53dab6e4e0','Y','是','yes_no_hidden','是',5,'05da54f04ce0408e89c839402f83b3f8');

INSERT INTO SYS_DICT (ID,VALUE,LABEL,CATEGORY,DESCRIPTION,SEQUENCE,PARENT_ID) 
VALUES ('069c81108d6c4fa4a8ea3f60cd6da37f','H','隐藏','yes_no_hidden','隐藏',15,'05da54f04ce0408e89c839402f83b3f8');

INSERT INTO SYS_DICT (ID,VALUE,LABEL,CATEGORY,DESCRIPTION,SEQUENCE,PARENT_ID) 
VALUES ('44710a4cec6443888a65ba7137991f0c','loginName','帐号','valid','帐号，登录名',1,'a71be6d72bc9496c97444dd174681255');

INSERT INTO SYS_DICT (ID,VALUE,LABEL,CATEGORY,DESCRIPTION,SEQUENCE,PARENT_ID) 
VALUES ('25f2253e48c142b9bff112b0500c9bca','url','URL','valid','URL格式校验',3,'a71be6d72bc9496c97444dd174681255');

INSERT INTO SYS_DICT (ID,VALUE,LABEL,CATEGORY,DESCRIPTION,SEQUENCE,PARENT_ID) 
VALUES ('440b144690734530bda8aeff6249647a','email','邮箱','valid','邮箱格式校验',5,'a71be6d72bc9496c97444dd174681255');

INSERT INTO SYS_DICT (ID,VALUE,LABEL,CATEGORY,DESCRIPTION,SEQUENCE,PARENT_ID) 
VALUES ('40e677c9691f42acad06797e3168856f','CHS','汉字','valid','汉字',8,'a71be6d72bc9496c97444dd174681255');

INSERT INTO SYS_DICT (ID,VALUE,LABEL,CATEGORY,DESCRIPTION,SEQUENCE,PARENT_ID) 
VALUES ('d2062ed8cf4448e8927b920b8c54e4d5','english','英语','valid','英语',11,'a71be6d72bc9496c97444dd174681255');

INSERT INTO SYS_DICT (ID,VALUE,LABEL,CATEGORY,DESCRIPTION,SEQUENCE,PARENT_ID) 
VALUES ('f3511a51bfa347dd9c75518f3870e8c2','ChEn','中英文','valid','中英文',14,'a71be6d72bc9496c97444dd174681255');

INSERT INTO SYS_DICT (ID,VALUE,LABEL,CATEGORY,DESCRIPTION,SEQUENCE,PARENT_ID) 
VALUES ('ae05d12ae8434f15817a9d70f5e77c41','money','金额','valid','钱',16,'a71be6d72bc9496c97444dd174681255');

INSERT INTO SYS_DICT (ID,VALUE,LABEL,CATEGORY,DESCRIPTION,SEQUENCE,PARENT_ID) 
VALUES ('85fa7c92066048f6b312ed5657a3ab91','ip','IPV4','valid','IPV4',17,'a71be6d72bc9496c97444dd174681255');

INSERT INTO SYS_DICT (ID,VALUE,LABEL,CATEGORY,DESCRIPTION,SEQUENCE,PARENT_ID) 
VALUES ('ba743fd63cf1437794bd82310ae6000a','ZIP','邮政编码','valid','邮政编码',20,'a71be6d72bc9496c97444dd174681255');

INSERT INTO SYS_DICT (ID,VALUE,LABEL,CATEGORY,DESCRIPTION,SEQUENCE,PARENT_ID) 
VALUES ('96a8c120cb1c4673b7013baeebe3cc19','QQ','QQ','valid','QQ',23,'a71be6d72bc9496c97444dd174681255');

INSERT INTO SYS_DICT (ID,VALUE,LABEL,CATEGORY,DESCRIPTION,SEQUENCE,PARENT_ID) 
VALUES ('a0ab84edbe73465a97eb8dd70dfff6b0','mobile','手机号','valid','手机号',26,'a71be6d72bc9496c97444dd174681255');

INSERT INTO SYS_DICT (ID,VALUE,LABEL,CATEGORY,DESCRIPTION,SEQUENCE,PARENT_ID) 
VALUES ('105a550d0fa54d7fa3abcc8cbf5371a3','tel','电话','valid','电话',29,'a71be6d72bc9496c97444dd174681255');

INSERT INTO SYS_DICT (ID,VALUE,LABEL,CATEGORY,DESCRIPTION,SEQUENCE,PARENT_ID) 
VALUES ('dbb54a0a6d844b0ab2bff2f368e065a8','mobileAndTel','手机电话','valid','手机电话',32,'a71be6d72bc9496c97444dd174681255');

INSERT INTO SYS_DICT (ID,VALUE,LABEL,CATEGORY,DESCRIPTION,SEQUENCE,PARENT_ID) 
VALUES ('47f827e12b1e48938387c9f32744418c','idCode','身份证号','valid','身份证号',35,'a71be6d72bc9496c97444dd174681255');

INSERT INTO SYS_DICT (ID,VALUE,LABEL,CATEGORY,DESCRIPTION,SEQUENCE,PARENT_ID) 
VALUES ('b3a442f4b2b848a2a72a3ae6de3b7306','englishOrNum','英文或数字','valid','英文数字',38,'a71be6d72bc9496c97444dd174681255');

INSERT INTO SYS_DICT (ID,VALUE,LABEL,CATEGORY,DESCRIPTION,SEQUENCE,PARENT_ID) 
VALUES ('5b613d3461e54e639397ca36ca96348a','integer','正整数','valid','正整数',40,'a71be6d72bc9496c97444dd174681255');

INSERT INTO SYS_DICT (ID,VALUE,LABEL,CATEGORY,DESCRIPTION,SEQUENCE,PARENT_ID) 
VALUES ('d7e56b07528e4d0a940479bf415ebe17','integ','0和正整数','valid','正整数最小为0',41,'a71be6d72bc9496c97444dd174681255');

INSERT INTO SYS_DICT (ID,VALUE,LABEL,CATEGORY,DESCRIPTION,SEQUENCE,PARENT_ID) 
VALUES ('6ee7ceda158a402985d674361675fc32','xiaoshu','两位小数','valid','两位小数',44,'a71be6d72bc9496c97444dd174681255');

INSERT INTO SYS_DICT (ID,VALUE,LABEL,CATEGORY,DESCRIPTION,SEQUENCE,PARENT_ID) 
VALUES ('1631194214b64ae991366cdb01cab0af','M','男','sex','性别',1,'f5814ca746a145bc844669a70d984a9c');

INSERT INTO SYS_DICT (ID,VALUE,LABEL,CATEGORY,DESCRIPTION,SEQUENCE,PARENT_ID) 
VALUES ('4088a75a965f4a11acce875fe864623b','F','女','sex','性别',2,'f5814ca746a145bc844669a70d984a9c');

INSERT INTO SYS_DICT (ID,VALUE,LABEL,CATEGORY,DESCRIPTION,SEQUENCE,PARENT_ID) 
VALUES ('1125e32a6aa442e881d899574ed29c9f','Y','是','yes_no','是',0,'0469a2108e854bbc83d5afa7b3367676');

INSERT INTO SYS_DICT (ID,VALUE,LABEL,CATEGORY,DESCRIPTION,SEQUENCE,PARENT_ID) 
VALUES ('9a8e72198a7a48b0a0c1b95395b19ef3','N','否','yes_no','否',1,'0469a2108e854bbc83d5afa7b3367676');

INSERT INTO SYS_DICT (ID,VALUE,LABEL,CATEGORY,DESCRIPTION,SEQUENCE,PARENT_ID) 
VALUES ('b23f0094a5c54035aac65c3a6e8bbc13','query','查询方式','root','数据库字段查询方式',3,'00000000000000000000000000000000');

INSERT INTO SYS_DICT (ID,VALUE,LABEL,CATEGORY,DESCRIPTION,SEQUENCE,PARENT_ID) 
VALUES ('238c813e6157415bad169b28ec939346','&lt;','小于','query','排序方式小于',5,'b23f0094a5c54035aac65c3a6e8bbc13');

INSERT INTO SYS_DICT (ID,VALUE,LABEL,CATEGORY,DESCRIPTION,SEQUENCE,PARENT_ID) 
VALUES ('c306c0753a51406ea7ae2777899fc71c','&gt;','大于','query','排序方式大于',10,'b23f0094a5c54035aac65c3a6e8bbc13');

INSERT INTO SYS_DICT (ID,VALUE,LABEL,CATEGORY,DESCRIPTION,SEQUENCE,PARENT_ID) 
VALUES ('a5b17303fda549909992510c027eccb7','&gt;=','大于等于','query','排序方式大于等于',20,'b23f0094a5c54035aac65c3a6e8bbc13');

INSERT INTO SYS_DICT (ID,VALUE,LABEL,CATEGORY,DESCRIPTION,SEQUENCE,PARENT_ID) 
VALUES ('0469a2108e854bbc83d5afa7b3367676','yes_no','是否','root','是否字典',1,'00000000000000000000000000000000');

INSERT INTO SYS_DICT (ID,VALUE,LABEL,CATEGORY,DESCRIPTION,SEQUENCE,PARENT_ID) 
VALUES ('8f34b07686d543f98af15332b1b2484e','combobox','列表','columnCategory','下拉框',15,'8bffb44c5100487f93c01c9619448680');

INSERT INTO SYS_DICT (ID,VALUE,LABEL,CATEGORY,DESCRIPTION,SEQUENCE,PARENT_ID) 
VALUES ('276695a7bf264d409f95290992a13044','radiobox','单选','columnCategory','单选按钮组',20,'8bffb44c5100487f93c01c9619448680');

INSERT INTO SYS_DICT (ID,VALUE,LABEL,CATEGORY,DESCRIPTION,SEQUENCE,PARENT_ID) 
VALUES ('4f69dcc49059453ea7d3f24df8dce31a','checkbox','复选','columnCategory','复选框',25,'8bffb44c5100487f93c01c9619448680');

INSERT INTO SYS_DICT (ID,VALUE,LABEL,CATEGORY,DESCRIPTION,SEQUENCE,PARENT_ID) 
VALUES ('b9b948f3b6834e0583b2de6e74700e62','datebox','日期','columnCategory','日期',30,'8bffb44c5100487f93c01c9619448680');

INSERT INTO SYS_DICT (ID,VALUE,LABEL,CATEGORY,DESCRIPTION,SEQUENCE,PARENT_ID) 
VALUES ('36962a4c19ea402782a21e427ee8d2f5','htmldesign','HTML','columnCategory','UEditor',40,'8bffb44c5100487f93c01c9619448680');

INSERT INTO SYS_DICT (ID,VALUE,LABEL,CATEGORY,DESCRIPTION,SEQUENCE,PARENT_ID) 
VALUES ('f5814ca746a145bc844669a70d984a9c','sex','性别','root','性别字典',0,'00000000000000000000000000000000');

INSERT INTO SYS_DICT (ID,VALUE,LABEL,CATEGORY,DESCRIPTION,SEQUENCE,PARENT_ID) 
VALUES ('8bffb44c5100487f93c01c9619448680','columnCategory','字段生成规则','root','字段自动生成',5,'00000000000000000000000000000000');

INSERT INTO SYS_DICT (ID,VALUE,LABEL,CATEGORY,DESCRIPTION,SEQUENCE,PARENT_ID) 
VALUES ('1fc867dcf4e4404ca8127a85f6d215b2','textbox','单行','columnCategory','单行输入框',5,'8bffb44c5100487f93c01c9619448680');

INSERT INTO SYS_DICT (ID,VALUE,LABEL,CATEGORY,DESCRIPTION,SEQUENCE,PARENT_ID) 
VALUES ('8473a29b4c7c480cbd4faaf6f8d3726b','numberbox','数值','columnCategory','数字',10,'8bffb44c5100487f93c01c9619448680');

INSERT INTO SYS_DICT (ID,VALUE,LABEL,CATEGORY,DESCRIPTION,SEQUENCE,PARENT_ID) 
VALUES ('40140cf333554cfbbb1edc3486392c8e','textarea','多行','columnCategory','多行文本框',35,'8bffb44c5100487f93c01c9619448680');

INSERT INTO SYS_DICT (ID,VALUE,LABEL,CATEGORY,DESCRIPTION,SEQUENCE,PARENT_ID) 
VALUES ('838ebfaff94a42c5abd718e811f4da5f','jdbcType','数据库字段类型','root','数据库字段类型',6,'00000000000000000000000000000000');

INSERT INTO SYS_DICT (ID,VALUE,LABEL,CATEGORY,DESCRIPTION,SEQUENCE,PARENT_ID) 
VALUES ('707e7b2585cd468484094fdf94d9e3be','CHAR','CHAR','jdbcType','CHAR',1,'838ebfaff94a42c5abd718e811f4da5f');

INSERT INTO SYS_DICT (ID,VALUE,LABEL,CATEGORY,DESCRIPTION,SEQUENCE,PARENT_ID) 
VALUES ('286369a2800540d38d0a39c72b5d209a','VARCHAR2','VARCHAR2','jdbcType','VARCHAR2',5,'838ebfaff94a42c5abd718e811f4da5f');

INSERT INTO SYS_DICT (ID,VALUE,LABEL,CATEGORY,DESCRIPTION,SEQUENCE,PARENT_ID) 
VALUES ('5e24d786442940c7b164fae2d8264821','NUMBER','NUMBER','jdbcType','NUMBER',10,'838ebfaff94a42c5abd718e811f4da5f');

INSERT INTO SYS_DICT (ID,VALUE,LABEL,CATEGORY,DESCRIPTION,SEQUENCE,PARENT_ID) 
VALUES ('13956f4e6bca40a2a45670e9593904ba','DATE','DATE','jdbcType','DATE',15,'838ebfaff94a42c5abd718e811f4da5f');

INSERT INTO SYS_DICT (ID,VALUE,LABEL,CATEGORY,DESCRIPTION,SEQUENCE,PARENT_ID) 
VALUES ('d9a81aa07d14446d8a2b3aee1db88f80','CLOB','CLOB','jdbcType','CLOB',20,'838ebfaff94a42c5abd718e811f4da5f');

INSERT INTO SYS_DICT (ID,VALUE,LABEL,CATEGORY,DESCRIPTION,SEQUENCE,PARENT_ID) 
VALUES ('0b36e6e0de4d40bea6bb078a38bbed22','&lt;=','小于等于','query','排序方式小于等于',15,'b23f0094a5c54035aac65c3a6e8bbc13');

INSERT INTO SYS_DICT (ID,VALUE,LABEL,CATEGORY,DESCRIPTION,SEQUENCE,PARENT_ID) 
VALUES ('5da5691ce03240b0a2fcaba6b70227fb','not like','NOT LIKE','query','排序方式NOTLIKE',30,'b23f0094a5c54035aac65c3a6e8bbc13');

INSERT INTO SYS_LOG (ID,TYPE,TITLE,CREATE_USER,CREATE_DATE,REMOTE_ADDR,USER_AGENT,REQUEST_URI,METHOD,PARAMS,EXCEPTION,SPEND_TIME) 
VALUES ('2c09c058d79142bab11eb34fdffcecee','s','[system]管理员','system',to_timestamp('2015-07-16 16:59:37.0','yyyy-mm-dd hh24:mi:ss:ff')+0,'0:0:0:0:0:0:0:1','Mozilla/5.0 (Windows NT 6.1; WOW64; rv:39.0) Gecko/20100101 Firefox/39.0','/kensite/sysDepartment/getTreeJson.do','POST',null,null,null);

INSERT INTO SYS_MENU (ID,PARENT_ID,NAME,URL,SEQUENCE,ICON,TARGET) 
VALUES ('e0f3aac77b984733bcf0d8d35363bfa1','7978e1b6d95044e1a4ba5840c0d8a004','浮动按钮','/static/web/blank.jsp',0,null,'_blank');

INSERT INTO SYS_MENU (ID,PARENT_ID,NAME,URL,SEQUENCE,ICON,TARGET) 
VALUES ('b3d67c1d94d7408f878d9c0726d9f09c','c617ec2d6eee475ea05fbe779ab3b7c8','权限管理','/sysPermission/showPageList.do',7,'/',null);

INSERT INTO SYS_MENU (ID,PARENT_ID,NAME,URL,SEQUENCE,ICON,TARGET) 
VALUES ('9e189622e7944d899cbbbf6677892e9e','863a29b9f37c45579f1666254d1b557c','运行中流程管理','/actProcess/showRunningPageList.do',10,'/','_blank');

INSERT INTO SYS_MENU (ID,PARENT_ID,NAME,URL,SEQUENCE,ICON,TARGET) 
VALUES ('18e69a5a441a4f8da3d0e4e13f01de9b','863a29b9f37c45579f1666254d1b557c','流程模型','/actModel/showPageList.do',0,'/','_blank');

INSERT INTO SYS_MENU (ID,PARENT_ID,NAME,URL,SEQUENCE,ICON,TARGET) 
VALUES ('e293c0ce48354d1896934700e1f0282c','c617ec2d6eee475ea05fbe779ab3b7c8','模块管理','/sysModule/showPageList.do',3,'/','_blank');

INSERT INTO SYS_MENU (ID,PARENT_ID,NAME,URL,SEQUENCE,ICON,TARGET) 
VALUES ('dba5fbee0097464f92e3abac9d0372c1','863a29b9f37c45579f1666254d1b557c','流程管理','/actProcess/showPageList.do',5,'/','_blank');

INSERT INTO SYS_MENU (ID,PARENT_ID,NAME,URL,SEQUENCE,ICON,TARGET) 
VALUES ('00000000000000000000000000000000','ffffffffffffffffffffffffffffffff','导航菜单','/',1,'/',null);

INSERT INTO SYS_MENU (ID,PARENT_ID,NAME,URL,SEQUENCE,ICON,TARGET) 
VALUES ('08e27f9288d04c7a8839dc65f6cbd1fa','c617ec2d6eee475ea05fbe779ab3b7c8','用户管理','/sysUser/showPageList.do',10,'/',null);

INSERT INTO SYS_MENU (ID,PARENT_ID,NAME,URL,SEQUENCE,ICON,TARGET) 
VALUES ('0a0bf010a2e54ee5a82d0d2fe3708d2f','c617ec2d6eee475ea05fbe779ab3b7c8','部门管理','/sysDepartment/list',8,'/','_blank');

INSERT INTO SYS_MENU (ID,PARENT_ID,NAME,URL,SEQUENCE,ICON,TARGET) 
VALUES ('8bf056fec564462e9f6dd02d89630b9d','c617ec2d6eee475ea05fbe779ab3b7c8','菜单管理','/sysMenu/list',1,'/',null);

INSERT INTO SYS_MENU (ID,PARENT_ID,NAME,URL,SEQUENCE,ICON,TARGET) 
VALUES ('935acd7355634b278549b0ebbba01876','c617ec2d6eee475ea05fbe779ab3b7c8','角色管理','/sysRole/showPageList.do',5,'/',null);

INSERT INTO SYS_MENU (ID,PARENT_ID,NAME,URL,SEQUENCE,ICON,TARGET) 
VALUES ('c617ec2d6eee475ea05fbe779ab3b7c8','00000000000000000000000000000000','系统管理','/',99,'/portal/img/menu/icon_08.png','_blank');

INSERT INTO SYS_MENU (ID,PARENT_ID,NAME,URL,SEQUENCE,ICON,TARGET) 
VALUES ('d63fb68c3af44a5a9bc93afc3edba378','00000000000000000000000000000000','内容发布','/',66,'/portal/img/menu/icon_01.png','_blank');

INSERT INTO SYS_MENU (ID,PARENT_ID,NAME,URL,SEQUENCE,ICON,TARGET) 
VALUES ('863a29b9f37c45579f1666254d1b557c','b48d762c01c54dce95c31fb42204d126','流程建模','/',88,'/portal/img/menu/icon_06.png','_blank');

INSERT INTO SYS_MENU (ID,PARENT_ID,NAME,URL,SEQUENCE,ICON,TARGET) 
VALUES ('61102bf49a004196ba0fb418ed1929e3','00000000000000000000000000000000','OA办公','/',77,'/portal/img/menu/icon_03.png','_blank');

INSERT INTO SYS_MENU (ID,PARENT_ID,NAME,URL,SEQUENCE,ICON,TARGET) 
VALUES ('5d2d5ddfd20f4783938fe636eedb5b37','61102bf49a004196ba0fb418ed1929e3','请假流程历史','/oa/leave/list.do',0,'/','_blank');

INSERT INTO SYS_MENU (ID,PARENT_ID,NAME,URL,SEQUENCE,ICON,TARGET) 
VALUES ('035c58f70576403e9c31767469b15258','61102bf49a004196ba0fb418ed1929e3','请假待办流程','/oa/leave/list/task.do',5,'/','_blank');

INSERT INTO SYS_MENU (ID,PARENT_ID,NAME,URL,SEQUENCE,ICON,TARGET) 
VALUES ('8916113ef8e847db9c975e8be3c5f83c','d63fb68c3af44a5a9bc93afc3edba378','站点管理','/cms/site/showPageList.do',10,'/portal/img/menu/icon_00.png','_blank');

INSERT INTO SYS_MENU (ID,PARENT_ID,NAME,URL,SEQUENCE,ICON,TARGET) 
VALUES ('f1a961b4aa274f3b86208b988ac88492','62e818ed15e647bdad4bee8f199ba21f','业务表管理','/sys/table/showPageList.do',0,null,'_blank');

INSERT INTO SYS_MENU (ID,PARENT_ID,NAME,URL,SEQUENCE,ICON,TARGET) 
VALUES ('95fee483e011455a822f9a9e6a483fce','c617ec2d6eee475ea05fbe779ab3b7c8','系统字典','/sys/dict/list',99,'linecons-params','_blank');

INSERT INTO SYS_MENU (ID,PARENT_ID,NAME,URL,SEQUENCE,ICON,TARGET) 
VALUES ('f9253401654549a7ab86d53edf2c0d5b','c617ec2d6eee475ea05fbe779ab3b7c8','系统皮肤','/sys/skins/list',88,'linecons-t-shirt','_blank');

INSERT INTO SYS_MENU (ID,PARENT_ID,NAME,URL,SEQUENCE,ICON,TARGET) 
VALUES ('bf7b7fb56f574cda8355fe5aa6e7735c','c617ec2d6eee475ea05fbe779ab3b7c8','数据库字典','/sys/db/list',90,null,'_blank');

INSERT INTO SYS_MENU (ID,PARENT_ID,NAME,URL,SEQUENCE,ICON,TARGET) 
VALUES ('ff3871e4726c4396bd7a55510daca5c6','62e818ed15e647bdad4bee8f199ba21f','业务表字段管理','/sys/tableColumn/showPageList.do',10,null,'_blank');

INSERT INTO SYS_MENU (ID,PARENT_ID,NAME,URL,SEQUENCE,ICON,TARGET) 
VALUES ('62e818ed15e647bdad4bee8f199ba21f','b48d762c01c54dce95c31fb42204d126','业务表建模','/sys/mod/db/list',11,null,'_blank');

INSERT INTO SYS_MENU (ID,PARENT_ID,NAME,URL,SEQUENCE,ICON,TARGET) 
VALUES ('fdfbc2b37c78488ca063931068077fc0','d63fb68c3af44a5a9bc93afc3edba378','评价管理','/cms/comment/showPageList.do',80,null,'_blank');

INSERT INTO SYS_MENU (ID,PARENT_ID,NAME,URL,SEQUENCE,ICON,TARGET) 
VALUES ('53f6471f7d904cadb3ed5fdda4e9ff33','d63fb68c3af44a5a9bc93afc3edba378','留言管理','/cms/guestbook/showPageList.do',90,null,'_blank');

INSERT INTO SYS_MENU (ID,PARENT_ID,NAME,URL,SEQUENCE,ICON,TARGET) 
VALUES ('2db887eb47aa458d9d04d54489b0684f','c617ec2d6eee475ea05fbe779ab3b7c8','DruidMonitor','/druid/index.html',999,null,'_blank');

INSERT INTO SYS_MENU (ID,PARENT_ID,NAME,URL,SEQUENCE,ICON,TARGET) 
VALUES ('b48d762c01c54dce95c31fb42204d126','00000000000000000000000000000000','系统建模','/',88,'/portal/img/menu/icon_06.png','_blank');

INSERT INTO SYS_MENU (ID,PARENT_ID,NAME,URL,SEQUENCE,ICON,TARGET) 
VALUES ('7978e1b6d95044e1a4ba5840c0d8a004','b48d762c01c54dce95c31fb42204d126','WEB门户建模','/',22,null,'_blank');

INSERT INTO SYS_MODULE (ID,NAME,SHIRO) 
VALUES ('d94881a8dc854298bfac029147b38e26','系统皮肤','skins');

INSERT INTO SYS_MODULE (ID,NAME,SHIRO) 
VALUES ('7466722e008349cfb7ed1d034b856bad','系统角色菜单','sysRoleMenu');

INSERT INTO SYS_MODULE (ID,NAME,SHIRO) 
VALUES ('0cc19fd4409a4d8b832a02584b15e45f','系统角色模块','sysRoleModule');

INSERT INTO SYS_MODULE (ID,NAME,SHIRO) 
VALUES ('3570d90302404b769704bd810ea3696a','系统用户角色','sysUserRole');

INSERT INTO SYS_MODULE (ID,NAME,SHIRO) 
VALUES ('ddc3b32e4fae473e82a69a28c41a6b48','系统模块权限','sysModulePermission');

INSERT INTO SYS_MODULE (ID,NAME,SHIRO) 
VALUES ('7d741c551b984b7bb776e742090d076f','系统角色','sysRole');

INSERT INTO SYS_MODULE (ID,NAME,SHIRO) 
VALUES ('2b5d24bdb8b6413e9a1b2fb2e12437a6','系统权限','sysPermission');

INSERT INTO SYS_MODULE (ID,NAME,SHIRO) 
VALUES ('8996fada7b6542779535357d7eee8197','系统用户','sysUser');

INSERT INTO SYS_MODULE (ID,NAME,SHIRO) 
VALUES ('bce58ffd35774b91a6ffc6c690d22d34','系统菜单','sysMenu');

INSERT INTO SYS_MODULE (ID,NAME,SHIRO) 
VALUES ('465292ff14d64226ada2b34cf4826a2e','ACT模型','actModel');

INSERT INTO SYS_MODULE (ID,NAME,SHIRO) 
VALUES ('8b92453ba86642478dca3aa7ee9106c2','系统部门','sysDepartment');

INSERT INTO SYS_MODULE (ID,NAME,SHIRO) 
VALUES ('6267cc893dcf47c2b41279e52bc5fa73','系统模块','sysModule');

INSERT INTO SYS_MODULE (ID,NAME,SHIRO) 
VALUES ('e0ca626efde34ad788365f020094e22d','ACT流程','actProcess');

INSERT INTO SYS_MODULE (ID,NAME,SHIRO) 
VALUES ('1eb16f4188dd451d9287116214bf215a','ACT任务','actTask');

INSERT INTO SYS_MODULE (ID,NAME,SHIRO) 
VALUES ('60663fd923564eb3b4c9b7e9a37aadf6','OA办公-请假流程','oa:leave');

INSERT INTO SYS_MODULE (ID,NAME,SHIRO) 
VALUES ('b788cdfa69674a51935b4039fcb654ab','内容发布-站点','cms:site');

INSERT INTO SYS_MODULE (ID,NAME,SHIRO) 
VALUES ('a59afc9f487f4a6fa5dcae9e195bf499','系统字典','dict');

INSERT INTO SYS_MODULE (ID,NAME,SHIRO) 
VALUES ('96d679fb9d754bb5acbd1286a1b2968c','内容发布-评论','cms:comment');

INSERT INTO SYS_MODULE (ID,NAME,SHIRO) 
VALUES ('95bab193057a4823be5cff384eb489f9','内容发布-留言','cms:guestbook');

INSERT INTO SYS_MODULE (ID,NAME,SHIRO) 
VALUES ('80f11f6553a74d34bb750255ba3308e7','业务表字段建模','sys:tableColumn');

INSERT INTO SYS_MODULE (ID,NAME,SHIRO) 
VALUES ('6d82509cc687416f8c1ad01f49efb54b','业务表建模','sys:table');

INSERT INTO SYS_MODULE (ID,NAME,SHIRO) 
VALUES ('7fe102f7b2424128bd7828d9e1d2d790','数据字典-表','sys:userTables');

INSERT INTO SYS_MODULE (ID,NAME,SHIRO) 
VALUES ('349ed3e79dbe406b9034ef73bb8056d3','数据字典-列','sys:userTabColumns');

INSERT INTO SYS_MODULE (ID,NAME,SHIRO) 
VALUES ('df79cb9026824eff8f5f2eb367b45ed1','DEMO','demo:testW');

INSERT INTO SYS_MODULE (ID,NAME,SHIRO) 
VALUES ('3019e17df75c4ec28ac613472fb6b79f','系统数据库建模','sys:db');

INSERT INTO SYS_MODULE_PERMISSION (MODULE_ID,PERMISSION_ID) 
VALUES ('0cc19fd4409a4d8b832a02584b15e45f','build');

INSERT INTO SYS_MODULE_PERMISSION (MODULE_ID,PERMISSION_ID) 
VALUES ('0cc19fd4409a4d8b832a02584b15e45f','create');

INSERT INTO SYS_MODULE_PERMISSION (MODULE_ID,PERMISSION_ID) 
VALUES ('0cc19fd4409a4d8b832a02584b15e45f','delete');

INSERT INTO SYS_MODULE_PERMISSION (MODULE_ID,PERMISSION_ID) 
VALUES ('0cc19fd4409a4d8b832a02584b15e45f','deploy');

INSERT INTO SYS_MODULE_PERMISSION (MODULE_ID,PERMISSION_ID) 
VALUES ('0cc19fd4409a4d8b832a02584b15e45f','download');

INSERT INTO SYS_MODULE_PERMISSION (MODULE_ID,PERMISSION_ID) 
VALUES ('0cc19fd4409a4d8b832a02584b15e45f','drop');

INSERT INTO SYS_MODULE_PERMISSION (MODULE_ID,PERMISSION_ID) 
VALUES ('0cc19fd4409a4d8b832a02584b15e45f','export');

INSERT INTO SYS_MODULE_PERMISSION (MODULE_ID,PERMISSION_ID) 
VALUES ('0cc19fd4409a4d8b832a02584b15e45f','import');

INSERT INTO SYS_MODULE_PERMISSION (MODULE_ID,PERMISSION_ID) 
VALUES ('0cc19fd4409a4d8b832a02584b15e45f','insert');

INSERT INTO SYS_MODULE_PERMISSION (MODULE_ID,PERMISSION_ID) 
VALUES ('0cc19fd4409a4d8b832a02584b15e45f','print');

INSERT INTO SYS_MODULE_PERMISSION (MODULE_ID,PERMISSION_ID) 
VALUES ('0cc19fd4409a4d8b832a02584b15e45f','select');

INSERT INTO SYS_MODULE_PERMISSION (MODULE_ID,PERMISSION_ID) 
VALUES ('0cc19fd4409a4d8b832a02584b15e45f','update');

INSERT INTO SYS_MODULE_PERMISSION (MODULE_ID,PERMISSION_ID) 
VALUES ('0cc19fd4409a4d8b832a02584b15e45f','upload');

INSERT INTO SYS_MODULE_PERMISSION (MODULE_ID,PERMISSION_ID) 
VALUES ('0cc19fd4409a4d8b832a02584b15e45f','view');

INSERT INTO SYS_MODULE_PERMISSION (MODULE_ID,PERMISSION_ID) 
VALUES ('1eb16f4188dd451d9287116214bf215a','build');

INSERT INTO SYS_MODULE_PERMISSION (MODULE_ID,PERMISSION_ID) 
VALUES ('1eb16f4188dd451d9287116214bf215a','create');

INSERT INTO SYS_MODULE_PERMISSION (MODULE_ID,PERMISSION_ID) 
VALUES ('1eb16f4188dd451d9287116214bf215a','delete');

INSERT INTO SYS_MODULE_PERMISSION (MODULE_ID,PERMISSION_ID) 
VALUES ('1eb16f4188dd451d9287116214bf215a','deploy');

INSERT INTO SYS_MODULE_PERMISSION (MODULE_ID,PERMISSION_ID) 
VALUES ('1eb16f4188dd451d9287116214bf215a','download');

INSERT INTO SYS_MODULE_PERMISSION (MODULE_ID,PERMISSION_ID) 
VALUES ('1eb16f4188dd451d9287116214bf215a','drop');

INSERT INTO SYS_MODULE_PERMISSION (MODULE_ID,PERMISSION_ID) 
VALUES ('1eb16f4188dd451d9287116214bf215a','export');

INSERT INTO SYS_MODULE_PERMISSION (MODULE_ID,PERMISSION_ID) 
VALUES ('1eb16f4188dd451d9287116214bf215a','import');

INSERT INTO SYS_MODULE_PERMISSION (MODULE_ID,PERMISSION_ID) 
VALUES ('1eb16f4188dd451d9287116214bf215a','insert');

INSERT INTO SYS_MODULE_PERMISSION (MODULE_ID,PERMISSION_ID) 
VALUES ('1eb16f4188dd451d9287116214bf215a','print');

INSERT INTO SYS_MODULE_PERMISSION (MODULE_ID,PERMISSION_ID) 
VALUES ('1eb16f4188dd451d9287116214bf215a','select');

INSERT INTO SYS_MODULE_PERMISSION (MODULE_ID,PERMISSION_ID) 
VALUES ('1eb16f4188dd451d9287116214bf215a','update');

INSERT INTO SYS_MODULE_PERMISSION (MODULE_ID,PERMISSION_ID) 
VALUES ('1eb16f4188dd451d9287116214bf215a','upload');

INSERT INTO SYS_MODULE_PERMISSION (MODULE_ID,PERMISSION_ID) 
VALUES ('1eb16f4188dd451d9287116214bf215a','view');

INSERT INTO SYS_MODULE_PERMISSION (MODULE_ID,PERMISSION_ID) 
VALUES ('2b5d24bdb8b6413e9a1b2fb2e12437a6','build');

INSERT INTO SYS_MODULE_PERMISSION (MODULE_ID,PERMISSION_ID) 
VALUES ('2b5d24bdb8b6413e9a1b2fb2e12437a6','create');

INSERT INTO SYS_MODULE_PERMISSION (MODULE_ID,PERMISSION_ID) 
VALUES ('2b5d24bdb8b6413e9a1b2fb2e12437a6','delete');

INSERT INTO SYS_MODULE_PERMISSION (MODULE_ID,PERMISSION_ID) 
VALUES ('2b5d24bdb8b6413e9a1b2fb2e12437a6','deploy');

INSERT INTO SYS_MODULE_PERMISSION (MODULE_ID,PERMISSION_ID) 
VALUES ('2b5d24bdb8b6413e9a1b2fb2e12437a6','download');

INSERT INTO SYS_MODULE_PERMISSION (MODULE_ID,PERMISSION_ID) 
VALUES ('2b5d24bdb8b6413e9a1b2fb2e12437a6','drop');

INSERT INTO SYS_MODULE_PERMISSION (MODULE_ID,PERMISSION_ID) 
VALUES ('2b5d24bdb8b6413e9a1b2fb2e12437a6','export');

INSERT INTO SYS_MODULE_PERMISSION (MODULE_ID,PERMISSION_ID) 
VALUES ('2b5d24bdb8b6413e9a1b2fb2e12437a6','import');

INSERT INTO SYS_MODULE_PERMISSION (MODULE_ID,PERMISSION_ID) 
VALUES ('2b5d24bdb8b6413e9a1b2fb2e12437a6','insert');

INSERT INTO SYS_MODULE_PERMISSION (MODULE_ID,PERMISSION_ID) 
VALUES ('2b5d24bdb8b6413e9a1b2fb2e12437a6','print');

INSERT INTO SYS_MODULE_PERMISSION (MODULE_ID,PERMISSION_ID) 
VALUES ('2b5d24bdb8b6413e9a1b2fb2e12437a6','select');

INSERT INTO SYS_MODULE_PERMISSION (MODULE_ID,PERMISSION_ID) 
VALUES ('2b5d24bdb8b6413e9a1b2fb2e12437a6','update');

INSERT INTO SYS_MODULE_PERMISSION (MODULE_ID,PERMISSION_ID) 
VALUES ('2b5d24bdb8b6413e9a1b2fb2e12437a6','upload');

INSERT INTO SYS_MODULE_PERMISSION (MODULE_ID,PERMISSION_ID) 
VALUES ('2b5d24bdb8b6413e9a1b2fb2e12437a6','view');

INSERT INTO SYS_MODULE_PERMISSION (MODULE_ID,PERMISSION_ID) 
VALUES ('3019e17df75c4ec28ac613472fb6b79f','view');

INSERT INTO SYS_MODULE_PERMISSION (MODULE_ID,PERMISSION_ID) 
VALUES ('349ed3e79dbe406b9034ef73bb8056d3','export');

INSERT INTO SYS_MODULE_PERMISSION (MODULE_ID,PERMISSION_ID) 
VALUES ('349ed3e79dbe406b9034ef73bb8056d3','select');

INSERT INTO SYS_MODULE_PERMISSION (MODULE_ID,PERMISSION_ID) 
VALUES ('349ed3e79dbe406b9034ef73bb8056d3','view');

INSERT INTO SYS_MODULE_PERMISSION (MODULE_ID,PERMISSION_ID) 
VALUES ('3570d90302404b769704bd810ea3696a','build');

INSERT INTO SYS_MODULE_PERMISSION (MODULE_ID,PERMISSION_ID) 
VALUES ('3570d90302404b769704bd810ea3696a','create');

INSERT INTO SYS_MODULE_PERMISSION (MODULE_ID,PERMISSION_ID) 
VALUES ('3570d90302404b769704bd810ea3696a','delete');

INSERT INTO SYS_MODULE_PERMISSION (MODULE_ID,PERMISSION_ID) 
VALUES ('3570d90302404b769704bd810ea3696a','deploy');

INSERT INTO SYS_MODULE_PERMISSION (MODULE_ID,PERMISSION_ID) 
VALUES ('3570d90302404b769704bd810ea3696a','download');

INSERT INTO SYS_MODULE_PERMISSION (MODULE_ID,PERMISSION_ID) 
VALUES ('3570d90302404b769704bd810ea3696a','drop');

INSERT INTO SYS_MODULE_PERMISSION (MODULE_ID,PERMISSION_ID) 
VALUES ('3570d90302404b769704bd810ea3696a','export');

INSERT INTO SYS_MODULE_PERMISSION (MODULE_ID,PERMISSION_ID) 
VALUES ('3570d90302404b769704bd810ea3696a','import');

INSERT INTO SYS_MODULE_PERMISSION (MODULE_ID,PERMISSION_ID) 
VALUES ('3570d90302404b769704bd810ea3696a','insert');

INSERT INTO SYS_MODULE_PERMISSION (MODULE_ID,PERMISSION_ID) 
VALUES ('3570d90302404b769704bd810ea3696a','print');

INSERT INTO SYS_MODULE_PERMISSION (MODULE_ID,PERMISSION_ID) 
VALUES ('3570d90302404b769704bd810ea3696a','select');

INSERT INTO SYS_MODULE_PERMISSION (MODULE_ID,PERMISSION_ID) 
VALUES ('3570d90302404b769704bd810ea3696a','update');

INSERT INTO SYS_MODULE_PERMISSION (MODULE_ID,PERMISSION_ID) 
VALUES ('3570d90302404b769704bd810ea3696a','upload');

INSERT INTO SYS_MODULE_PERMISSION (MODULE_ID,PERMISSION_ID) 
VALUES ('3570d90302404b769704bd810ea3696a','view');

INSERT INTO SYS_MODULE_PERMISSION (MODULE_ID,PERMISSION_ID) 
VALUES ('465292ff14d64226ada2b34cf4826a2e','build');

INSERT INTO SYS_MODULE_PERMISSION (MODULE_ID,PERMISSION_ID) 
VALUES ('465292ff14d64226ada2b34cf4826a2e','create');

INSERT INTO SYS_MODULE_PERMISSION (MODULE_ID,PERMISSION_ID) 
VALUES ('465292ff14d64226ada2b34cf4826a2e','delete');

INSERT INTO SYS_MODULE_PERMISSION (MODULE_ID,PERMISSION_ID) 
VALUES ('465292ff14d64226ada2b34cf4826a2e','deploy');

INSERT INTO SYS_MODULE_PERMISSION (MODULE_ID,PERMISSION_ID) 
VALUES ('465292ff14d64226ada2b34cf4826a2e','download');

INSERT INTO SYS_MODULE_PERMISSION (MODULE_ID,PERMISSION_ID) 
VALUES ('465292ff14d64226ada2b34cf4826a2e','drop');

INSERT INTO SYS_MODULE_PERMISSION (MODULE_ID,PERMISSION_ID) 
VALUES ('465292ff14d64226ada2b34cf4826a2e','export');

INSERT INTO SYS_MODULE_PERMISSION (MODULE_ID,PERMISSION_ID) 
VALUES ('465292ff14d64226ada2b34cf4826a2e','import');

INSERT INTO SYS_MODULE_PERMISSION (MODULE_ID,PERMISSION_ID) 
VALUES ('465292ff14d64226ada2b34cf4826a2e','insert');

INSERT INTO SYS_MODULE_PERMISSION (MODULE_ID,PERMISSION_ID) 
VALUES ('465292ff14d64226ada2b34cf4826a2e','print');

INSERT INTO SYS_MODULE_PERMISSION (MODULE_ID,PERMISSION_ID) 
VALUES ('465292ff14d64226ada2b34cf4826a2e','select');

INSERT INTO SYS_MODULE_PERMISSION (MODULE_ID,PERMISSION_ID) 
VALUES ('465292ff14d64226ada2b34cf4826a2e','update');

INSERT INTO SYS_MODULE_PERMISSION (MODULE_ID,PERMISSION_ID) 
VALUES ('465292ff14d64226ada2b34cf4826a2e','upload');

INSERT INTO SYS_MODULE_PERMISSION (MODULE_ID,PERMISSION_ID) 
VALUES ('465292ff14d64226ada2b34cf4826a2e','view');

INSERT INTO SYS_MODULE_PERMISSION (MODULE_ID,PERMISSION_ID) 
VALUES ('60663fd923564eb3b4c9b7e9a37aadf6','build');

INSERT INTO SYS_MODULE_PERMISSION (MODULE_ID,PERMISSION_ID) 
VALUES ('60663fd923564eb3b4c9b7e9a37aadf6','create');

INSERT INTO SYS_MODULE_PERMISSION (MODULE_ID,PERMISSION_ID) 
VALUES ('60663fd923564eb3b4c9b7e9a37aadf6','delete');

INSERT INTO SYS_MODULE_PERMISSION (MODULE_ID,PERMISSION_ID) 
VALUES ('60663fd923564eb3b4c9b7e9a37aadf6','deploy');

INSERT INTO SYS_MODULE_PERMISSION (MODULE_ID,PERMISSION_ID) 
VALUES ('60663fd923564eb3b4c9b7e9a37aadf6','download');

INSERT INTO SYS_MODULE_PERMISSION (MODULE_ID,PERMISSION_ID) 
VALUES ('60663fd923564eb3b4c9b7e9a37aadf6','drop');

INSERT INTO SYS_MODULE_PERMISSION (MODULE_ID,PERMISSION_ID) 
VALUES ('60663fd923564eb3b4c9b7e9a37aadf6','export');

INSERT INTO SYS_MODULE_PERMISSION (MODULE_ID,PERMISSION_ID) 
VALUES ('60663fd923564eb3b4c9b7e9a37aadf6','import');

INSERT INTO SYS_MODULE_PERMISSION (MODULE_ID,PERMISSION_ID) 
VALUES ('60663fd923564eb3b4c9b7e9a37aadf6','insert');

INSERT INTO SYS_MODULE_PERMISSION (MODULE_ID,PERMISSION_ID) 
VALUES ('60663fd923564eb3b4c9b7e9a37aadf6','print');

INSERT INTO SYS_MODULE_PERMISSION (MODULE_ID,PERMISSION_ID) 
VALUES ('60663fd923564eb3b4c9b7e9a37aadf6','select');

INSERT INTO SYS_MODULE_PERMISSION (MODULE_ID,PERMISSION_ID) 
VALUES ('8b92453ba86642478dca3aa7ee9106c2','download');

INSERT INTO SYS_MODULE_PERMISSION (MODULE_ID,PERMISSION_ID) 
VALUES ('8b92453ba86642478dca3aa7ee9106c2','drop');

INSERT INTO SYS_MODULE_PERMISSION (MODULE_ID,PERMISSION_ID) 
VALUES ('8b92453ba86642478dca3aa7ee9106c2','export');

INSERT INTO SYS_MODULE_PERMISSION (MODULE_ID,PERMISSION_ID) 
VALUES ('8b92453ba86642478dca3aa7ee9106c2','import');

INSERT INTO SYS_MODULE_PERMISSION (MODULE_ID,PERMISSION_ID) 
VALUES ('8b92453ba86642478dca3aa7ee9106c2','insert');

INSERT INTO SYS_MODULE_PERMISSION (MODULE_ID,PERMISSION_ID) 
VALUES ('8b92453ba86642478dca3aa7ee9106c2','print');

INSERT INTO SYS_MODULE_PERMISSION (MODULE_ID,PERMISSION_ID) 
VALUES ('8b92453ba86642478dca3aa7ee9106c2','select');

INSERT INTO SYS_MODULE_PERMISSION (MODULE_ID,PERMISSION_ID) 
VALUES ('8b92453ba86642478dca3aa7ee9106c2','update');

INSERT INTO SYS_MODULE_PERMISSION (MODULE_ID,PERMISSION_ID) 
VALUES ('8b92453ba86642478dca3aa7ee9106c2','upload');

INSERT INTO SYS_MODULE_PERMISSION (MODULE_ID,PERMISSION_ID) 
VALUES ('8b92453ba86642478dca3aa7ee9106c2','view');

INSERT INTO SYS_MODULE_PERMISSION (MODULE_ID,PERMISSION_ID) 
VALUES ('95bab193057a4823be5cff384eb489f9','delete');

INSERT INTO SYS_MODULE_PERMISSION (MODULE_ID,PERMISSION_ID) 
VALUES ('95bab193057a4823be5cff384eb489f9','insert');

INSERT INTO SYS_MODULE_PERMISSION (MODULE_ID,PERMISSION_ID) 
VALUES ('95bab193057a4823be5cff384eb489f9','select');

INSERT INTO SYS_MODULE_PERMISSION (MODULE_ID,PERMISSION_ID) 
VALUES ('95bab193057a4823be5cff384eb489f9','update');

INSERT INTO SYS_MODULE_PERMISSION (MODULE_ID,PERMISSION_ID) 
VALUES ('95bab193057a4823be5cff384eb489f9','view');

INSERT INTO SYS_MODULE_PERMISSION (MODULE_ID,PERMISSION_ID) 
VALUES ('96d679fb9d754bb5acbd1286a1b2968c','delete');

INSERT INTO SYS_MODULE_PERMISSION (MODULE_ID,PERMISSION_ID) 
VALUES ('96d679fb9d754bb5acbd1286a1b2968c','insert');

INSERT INTO SYS_MODULE_PERMISSION (MODULE_ID,PERMISSION_ID) 
VALUES ('96d679fb9d754bb5acbd1286a1b2968c','select');

INSERT INTO SYS_MODULE_PERMISSION (MODULE_ID,PERMISSION_ID) 
VALUES ('96d679fb9d754bb5acbd1286a1b2968c','update');

INSERT INTO SYS_MODULE_PERMISSION (MODULE_ID,PERMISSION_ID) 
VALUES ('96d679fb9d754bb5acbd1286a1b2968c','view');

INSERT INTO SYS_MODULE_PERMISSION (MODULE_ID,PERMISSION_ID) 
VALUES ('a59afc9f487f4a6fa5dcae9e195bf499','delete');

INSERT INTO SYS_MODULE_PERMISSION (MODULE_ID,PERMISSION_ID) 
VALUES ('a59afc9f487f4a6fa5dcae9e195bf499','export');

INSERT INTO SYS_MODULE_PERMISSION (MODULE_ID,PERMISSION_ID) 
VALUES ('a59afc9f487f4a6fa5dcae9e195bf499','import');

INSERT INTO SYS_MODULE_PERMISSION (MODULE_ID,PERMISSION_ID) 
VALUES ('a59afc9f487f4a6fa5dcae9e195bf499','insert');

INSERT INTO SYS_MODULE_PERMISSION (MODULE_ID,PERMISSION_ID) 
VALUES ('a59afc9f487f4a6fa5dcae9e195bf499','select');

INSERT INTO SYS_MODULE_PERMISSION (MODULE_ID,PERMISSION_ID) 
VALUES ('a59afc9f487f4a6fa5dcae9e195bf499','update');

INSERT INTO SYS_MODULE_PERMISSION (MODULE_ID,PERMISSION_ID) 
VALUES ('a59afc9f487f4a6fa5dcae9e195bf499','view');

INSERT INTO SYS_MODULE_PERMISSION (MODULE_ID,PERMISSION_ID) 
VALUES ('b788cdfa69674a51935b4039fcb654ab','build');

INSERT INTO SYS_MODULE_PERMISSION (MODULE_ID,PERMISSION_ID) 
VALUES ('b788cdfa69674a51935b4039fcb654ab','create');

INSERT INTO SYS_MODULE_PERMISSION (MODULE_ID,PERMISSION_ID) 
VALUES ('b788cdfa69674a51935b4039fcb654ab','delete');

INSERT INTO SYS_MODULE_PERMISSION (MODULE_ID,PERMISSION_ID) 
VALUES ('b788cdfa69674a51935b4039fcb654ab','deploy');

INSERT INTO SYS_MODULE_PERMISSION (MODULE_ID,PERMISSION_ID) 
VALUES ('b788cdfa69674a51935b4039fcb654ab','download');

INSERT INTO SYS_MODULE_PERMISSION (MODULE_ID,PERMISSION_ID) 
VALUES ('b788cdfa69674a51935b4039fcb654ab','drop');

INSERT INTO SYS_MODULE_PERMISSION (MODULE_ID,PERMISSION_ID) 
VALUES ('b788cdfa69674a51935b4039fcb654ab','export');

INSERT INTO SYS_MODULE_PERMISSION (MODULE_ID,PERMISSION_ID) 
VALUES ('b788cdfa69674a51935b4039fcb654ab','import');

INSERT INTO SYS_MODULE_PERMISSION (MODULE_ID,PERMISSION_ID) 
VALUES ('b788cdfa69674a51935b4039fcb654ab','insert');

INSERT INTO SYS_MODULE_PERMISSION (MODULE_ID,PERMISSION_ID) 
VALUES ('b788cdfa69674a51935b4039fcb654ab','print');

INSERT INTO SYS_MODULE_PERMISSION (MODULE_ID,PERMISSION_ID) 
VALUES ('b788cdfa69674a51935b4039fcb654ab','select');

INSERT INTO SYS_MODULE_PERMISSION (MODULE_ID,PERMISSION_ID) 
VALUES ('b788cdfa69674a51935b4039fcb654ab','update');

INSERT INTO SYS_MODULE_PERMISSION (MODULE_ID,PERMISSION_ID) 
VALUES ('b788cdfa69674a51935b4039fcb654ab','upload');

INSERT INTO SYS_MODULE_PERMISSION (MODULE_ID,PERMISSION_ID) 
VALUES ('b788cdfa69674a51935b4039fcb654ab','view');

INSERT INTO SYS_MODULE_PERMISSION (MODULE_ID,PERMISSION_ID) 
VALUES ('bce58ffd35774b91a6ffc6c690d22d34','build');

INSERT INTO SYS_MODULE_PERMISSION (MODULE_ID,PERMISSION_ID) 
VALUES ('bce58ffd35774b91a6ffc6c690d22d34','create');

INSERT INTO SYS_MODULE_PERMISSION (MODULE_ID,PERMISSION_ID) 
VALUES ('bce58ffd35774b91a6ffc6c690d22d34','delete');

INSERT INTO SYS_MODULE_PERMISSION (MODULE_ID,PERMISSION_ID) 
VALUES ('bce58ffd35774b91a6ffc6c690d22d34','deploy');

INSERT INTO SYS_MODULE_PERMISSION (MODULE_ID,PERMISSION_ID) 
VALUES ('bce58ffd35774b91a6ffc6c690d22d34','download');

INSERT INTO SYS_MODULE_PERMISSION (MODULE_ID,PERMISSION_ID) 
VALUES ('bce58ffd35774b91a6ffc6c690d22d34','drop');

INSERT INTO SYS_MODULE_PERMISSION (MODULE_ID,PERMISSION_ID) 
VALUES ('bce58ffd35774b91a6ffc6c690d22d34','export');

INSERT INTO SYS_MODULE_PERMISSION (MODULE_ID,PERMISSION_ID) 
VALUES ('bce58ffd35774b91a6ffc6c690d22d34','import');

INSERT INTO SYS_MODULE_PERMISSION (MODULE_ID,PERMISSION_ID) 
VALUES ('bce58ffd35774b91a6ffc6c690d22d34','insert');

INSERT INTO SYS_MODULE_PERMISSION (MODULE_ID,PERMISSION_ID) 
VALUES ('bce58ffd35774b91a6ffc6c690d22d34','print');

INSERT INTO SYS_MODULE_PERMISSION (MODULE_ID,PERMISSION_ID) 
VALUES ('bce58ffd35774b91a6ffc6c690d22d34','select');

INSERT INTO SYS_MODULE_PERMISSION (MODULE_ID,PERMISSION_ID) 
VALUES ('bce58ffd35774b91a6ffc6c690d22d34','update');

INSERT INTO SYS_MODULE_PERMISSION (MODULE_ID,PERMISSION_ID) 
VALUES ('bce58ffd35774b91a6ffc6c690d22d34','upload');

INSERT INTO SYS_MODULE_PERMISSION (MODULE_ID,PERMISSION_ID) 
VALUES ('bce58ffd35774b91a6ffc6c690d22d34','view');

INSERT INTO SYS_MODULE_PERMISSION (MODULE_ID,PERMISSION_ID) 
VALUES ('d94881a8dc854298bfac029147b38e26','delete');

INSERT INTO SYS_MODULE_PERMISSION (MODULE_ID,PERMISSION_ID) 
VALUES ('d94881a8dc854298bfac029147b38e26','export');

INSERT INTO SYS_MODULE_PERMISSION (MODULE_ID,PERMISSION_ID) 
VALUES ('d94881a8dc854298bfac029147b38e26','import');

INSERT INTO SYS_MODULE_PERMISSION (MODULE_ID,PERMISSION_ID) 
VALUES ('d94881a8dc854298bfac029147b38e26','insert');

INSERT INTO SYS_MODULE_PERMISSION (MODULE_ID,PERMISSION_ID) 
VALUES ('d94881a8dc854298bfac029147b38e26','select');

INSERT INTO SYS_MODULE_PERMISSION (MODULE_ID,PERMISSION_ID) 
VALUES ('d94881a8dc854298bfac029147b38e26','update');

INSERT INTO SYS_MODULE_PERMISSION (MODULE_ID,PERMISSION_ID) 
VALUES ('d94881a8dc854298bfac029147b38e26','view');

INSERT INTO SYS_MODULE_PERMISSION (MODULE_ID,PERMISSION_ID) 
VALUES ('ddc3b32e4fae473e82a69a28c41a6b48','build');

INSERT INTO SYS_MODULE_PERMISSION (MODULE_ID,PERMISSION_ID) 
VALUES ('ddc3b32e4fae473e82a69a28c41a6b48','create');

INSERT INTO SYS_MODULE_PERMISSION (MODULE_ID,PERMISSION_ID) 
VALUES ('ddc3b32e4fae473e82a69a28c41a6b48','delete');

INSERT INTO SYS_MODULE_PERMISSION (MODULE_ID,PERMISSION_ID) 
VALUES ('ddc3b32e4fae473e82a69a28c41a6b48','deploy');

INSERT INTO SYS_MODULE_PERMISSION (MODULE_ID,PERMISSION_ID) 
VALUES ('ddc3b32e4fae473e82a69a28c41a6b48','download');

INSERT INTO SYS_MODULE_PERMISSION (MODULE_ID,PERMISSION_ID) 
VALUES ('ddc3b32e4fae473e82a69a28c41a6b48','drop');

INSERT INTO SYS_MODULE_PERMISSION (MODULE_ID,PERMISSION_ID) 
VALUES ('ddc3b32e4fae473e82a69a28c41a6b48','export');

INSERT INTO SYS_MODULE_PERMISSION (MODULE_ID,PERMISSION_ID) 
VALUES ('ddc3b32e4fae473e82a69a28c41a6b48','import');

INSERT INTO SYS_MODULE_PERMISSION (MODULE_ID,PERMISSION_ID) 
VALUES ('ddc3b32e4fae473e82a69a28c41a6b48','insert');

INSERT INTO SYS_MODULE_PERMISSION (MODULE_ID,PERMISSION_ID) 
VALUES ('ddc3b32e4fae473e82a69a28c41a6b48','print');

INSERT INTO SYS_MODULE_PERMISSION (MODULE_ID,PERMISSION_ID) 
VALUES ('ddc3b32e4fae473e82a69a28c41a6b48','select');

INSERT INTO SYS_MODULE_PERMISSION (MODULE_ID,PERMISSION_ID) 
VALUES ('ddc3b32e4fae473e82a69a28c41a6b48','update');

INSERT INTO SYS_MODULE_PERMISSION (MODULE_ID,PERMISSION_ID) 
VALUES ('ddc3b32e4fae473e82a69a28c41a6b48','upload');

INSERT INTO SYS_MODULE_PERMISSION (MODULE_ID,PERMISSION_ID) 
VALUES ('ddc3b32e4fae473e82a69a28c41a6b48','view');

INSERT INTO SYS_MODULE_PERMISSION (MODULE_ID,PERMISSION_ID) 
VALUES ('df79cb9026824eff8f5f2eb367b45ed1','delete');

INSERT INTO SYS_MODULE_PERMISSION (MODULE_ID,PERMISSION_ID) 
VALUES ('df79cb9026824eff8f5f2eb367b45ed1','export');

INSERT INTO SYS_MODULE_PERMISSION (MODULE_ID,PERMISSION_ID) 
VALUES ('df79cb9026824eff8f5f2eb367b45ed1','insert');

INSERT INTO SYS_MODULE_PERMISSION (MODULE_ID,PERMISSION_ID) 
VALUES ('df79cb9026824eff8f5f2eb367b45ed1','select');

INSERT INTO SYS_MODULE_PERMISSION (MODULE_ID,PERMISSION_ID) 
VALUES ('df79cb9026824eff8f5f2eb367b45ed1','update');

INSERT INTO SYS_MODULE_PERMISSION (MODULE_ID,PERMISSION_ID) 
VALUES ('df79cb9026824eff8f5f2eb367b45ed1','view');

INSERT INTO SYS_MODULE_PERMISSION (MODULE_ID,PERMISSION_ID) 
VALUES ('e0ca626efde34ad788365f020094e22d','build');

INSERT INTO SYS_MODULE_PERMISSION (MODULE_ID,PERMISSION_ID) 
VALUES ('e0ca626efde34ad788365f020094e22d','create');

INSERT INTO SYS_MODULE_PERMISSION (MODULE_ID,PERMISSION_ID) 
VALUES ('e0ca626efde34ad788365f020094e22d','delete');

INSERT INTO SYS_MODULE_PERMISSION (MODULE_ID,PERMISSION_ID) 
VALUES ('e0ca626efde34ad788365f020094e22d','deploy');

INSERT INTO SYS_MODULE_PERMISSION (MODULE_ID,PERMISSION_ID) 
VALUES ('e0ca626efde34ad788365f020094e22d','download');

INSERT INTO SYS_MODULE_PERMISSION (MODULE_ID,PERMISSION_ID) 
VALUES ('e0ca626efde34ad788365f020094e22d','drop');

INSERT INTO SYS_MODULE_PERMISSION (MODULE_ID,PERMISSION_ID) 
VALUES ('e0ca626efde34ad788365f020094e22d','export');

INSERT INTO SYS_MODULE_PERMISSION (MODULE_ID,PERMISSION_ID) 
VALUES ('e0ca626efde34ad788365f020094e22d','import');

INSERT INTO SYS_MODULE_PERMISSION (MODULE_ID,PERMISSION_ID) 
VALUES ('e0ca626efde34ad788365f020094e22d','insert');

INSERT INTO SYS_MODULE_PERMISSION (MODULE_ID,PERMISSION_ID) 
VALUES ('e0ca626efde34ad788365f020094e22d','print');

INSERT INTO SYS_MODULE_PERMISSION (MODULE_ID,PERMISSION_ID) 
VALUES ('e0ca626efde34ad788365f020094e22d','select');

INSERT INTO SYS_MODULE_PERMISSION (MODULE_ID,PERMISSION_ID) 
VALUES ('e0ca626efde34ad788365f020094e22d','send');

INSERT INTO SYS_MODULE_PERMISSION (MODULE_ID,PERMISSION_ID) 
VALUES ('e0ca626efde34ad788365f020094e22d','update');

INSERT INTO SYS_MODULE_PERMISSION (MODULE_ID,PERMISSION_ID) 
VALUES ('e0ca626efde34ad788365f020094e22d','upload');

INSERT INTO SYS_MODULE_PERMISSION (MODULE_ID,PERMISSION_ID) 
VALUES ('e0ca626efde34ad788365f020094e22d','view');

INSERT INTO SYS_MODULE_PERMISSION (MODULE_ID,PERMISSION_ID) 
VALUES ('60663fd923564eb3b4c9b7e9a37aadf6','update');

INSERT INTO SYS_MODULE_PERMISSION (MODULE_ID,PERMISSION_ID) 
VALUES ('60663fd923564eb3b4c9b7e9a37aadf6','upload');

INSERT INTO SYS_MODULE_PERMISSION (MODULE_ID,PERMISSION_ID) 
VALUES ('60663fd923564eb3b4c9b7e9a37aadf6','view');

INSERT INTO SYS_MODULE_PERMISSION (MODULE_ID,PERMISSION_ID) 
VALUES ('6267cc893dcf47c2b41279e52bc5fa73','build');

INSERT INTO SYS_MODULE_PERMISSION (MODULE_ID,PERMISSION_ID) 
VALUES ('6267cc893dcf47c2b41279e52bc5fa73','create');

INSERT INTO SYS_MODULE_PERMISSION (MODULE_ID,PERMISSION_ID) 
VALUES ('6267cc893dcf47c2b41279e52bc5fa73','delete');

INSERT INTO SYS_MODULE_PERMISSION (MODULE_ID,PERMISSION_ID) 
VALUES ('6267cc893dcf47c2b41279e52bc5fa73','deploy');

INSERT INTO SYS_MODULE_PERMISSION (MODULE_ID,PERMISSION_ID) 
VALUES ('6267cc893dcf47c2b41279e52bc5fa73','download');

INSERT INTO SYS_MODULE_PERMISSION (MODULE_ID,PERMISSION_ID) 
VALUES ('6267cc893dcf47c2b41279e52bc5fa73','drop');

INSERT INTO SYS_MODULE_PERMISSION (MODULE_ID,PERMISSION_ID) 
VALUES ('6267cc893dcf47c2b41279e52bc5fa73','export');

INSERT INTO SYS_MODULE_PERMISSION (MODULE_ID,PERMISSION_ID) 
VALUES ('6267cc893dcf47c2b41279e52bc5fa73','import');

INSERT INTO SYS_MODULE_PERMISSION (MODULE_ID,PERMISSION_ID) 
VALUES ('6267cc893dcf47c2b41279e52bc5fa73','insert');

INSERT INTO SYS_MODULE_PERMISSION (MODULE_ID,PERMISSION_ID) 
VALUES ('6267cc893dcf47c2b41279e52bc5fa73','print');

INSERT INTO SYS_MODULE_PERMISSION (MODULE_ID,PERMISSION_ID) 
VALUES ('6267cc893dcf47c2b41279e52bc5fa73','select');

INSERT INTO SYS_MODULE_PERMISSION (MODULE_ID,PERMISSION_ID) 
VALUES ('6267cc893dcf47c2b41279e52bc5fa73','update');

INSERT INTO SYS_MODULE_PERMISSION (MODULE_ID,PERMISSION_ID) 
VALUES ('6267cc893dcf47c2b41279e52bc5fa73','upload');

INSERT INTO SYS_MODULE_PERMISSION (MODULE_ID,PERMISSION_ID) 
VALUES ('6267cc893dcf47c2b41279e52bc5fa73','view');

INSERT INTO SYS_MODULE_PERMISSION (MODULE_ID,PERMISSION_ID) 
VALUES ('6d82509cc687416f8c1ad01f49efb54b','delete');

INSERT INTO SYS_MODULE_PERMISSION (MODULE_ID,PERMISSION_ID) 
VALUES ('6d82509cc687416f8c1ad01f49efb54b','insert');

INSERT INTO SYS_MODULE_PERMISSION (MODULE_ID,PERMISSION_ID) 
VALUES ('6d82509cc687416f8c1ad01f49efb54b','select');

INSERT INTO SYS_MODULE_PERMISSION (MODULE_ID,PERMISSION_ID) 
VALUES ('6d82509cc687416f8c1ad01f49efb54b','update');

INSERT INTO SYS_MODULE_PERMISSION (MODULE_ID,PERMISSION_ID) 
VALUES ('6d82509cc687416f8c1ad01f49efb54b','view');

INSERT INTO SYS_MODULE_PERMISSION (MODULE_ID,PERMISSION_ID) 
VALUES ('7466722e008349cfb7ed1d034b856bad','build');

INSERT INTO SYS_MODULE_PERMISSION (MODULE_ID,PERMISSION_ID) 
VALUES ('7466722e008349cfb7ed1d034b856bad','create');

INSERT INTO SYS_MODULE_PERMISSION (MODULE_ID,PERMISSION_ID) 
VALUES ('7466722e008349cfb7ed1d034b856bad','delete');

INSERT INTO SYS_MODULE_PERMISSION (MODULE_ID,PERMISSION_ID) 
VALUES ('7466722e008349cfb7ed1d034b856bad','deploy');

INSERT INTO SYS_MODULE_PERMISSION (MODULE_ID,PERMISSION_ID) 
VALUES ('7466722e008349cfb7ed1d034b856bad','download');

INSERT INTO SYS_MODULE_PERMISSION (MODULE_ID,PERMISSION_ID) 
VALUES ('7466722e008349cfb7ed1d034b856bad','drop');

INSERT INTO SYS_MODULE_PERMISSION (MODULE_ID,PERMISSION_ID) 
VALUES ('7466722e008349cfb7ed1d034b856bad','export');

INSERT INTO SYS_MODULE_PERMISSION (MODULE_ID,PERMISSION_ID) 
VALUES ('7466722e008349cfb7ed1d034b856bad','import');

INSERT INTO SYS_MODULE_PERMISSION (MODULE_ID,PERMISSION_ID) 
VALUES ('7466722e008349cfb7ed1d034b856bad','insert');

INSERT INTO SYS_MODULE_PERMISSION (MODULE_ID,PERMISSION_ID) 
VALUES ('7466722e008349cfb7ed1d034b856bad','print');

INSERT INTO SYS_MODULE_PERMISSION (MODULE_ID,PERMISSION_ID) 
VALUES ('7466722e008349cfb7ed1d034b856bad','select');

INSERT INTO SYS_MODULE_PERMISSION (MODULE_ID,PERMISSION_ID) 
VALUES ('7466722e008349cfb7ed1d034b856bad','update');

INSERT INTO SYS_MODULE_PERMISSION (MODULE_ID,PERMISSION_ID) 
VALUES ('7466722e008349cfb7ed1d034b856bad','upload');

INSERT INTO SYS_MODULE_PERMISSION (MODULE_ID,PERMISSION_ID) 
VALUES ('7466722e008349cfb7ed1d034b856bad','view');

INSERT INTO SYS_MODULE_PERMISSION (MODULE_ID,PERMISSION_ID) 
VALUES ('7d741c551b984b7bb776e742090d076f','build');

INSERT INTO SYS_MODULE_PERMISSION (MODULE_ID,PERMISSION_ID) 
VALUES ('7d741c551b984b7bb776e742090d076f','create');

INSERT INTO SYS_MODULE_PERMISSION (MODULE_ID,PERMISSION_ID) 
VALUES ('7d741c551b984b7bb776e742090d076f','delete');

INSERT INTO SYS_MODULE_PERMISSION (MODULE_ID,PERMISSION_ID) 
VALUES ('7d741c551b984b7bb776e742090d076f','deploy');

INSERT INTO SYS_MODULE_PERMISSION (MODULE_ID,PERMISSION_ID) 
VALUES ('7d741c551b984b7bb776e742090d076f','download');

INSERT INTO SYS_MODULE_PERMISSION (MODULE_ID,PERMISSION_ID) 
VALUES ('7d741c551b984b7bb776e742090d076f','drop');

INSERT INTO SYS_MODULE_PERMISSION (MODULE_ID,PERMISSION_ID) 
VALUES ('7d741c551b984b7bb776e742090d076f','export');

INSERT INTO SYS_MODULE_PERMISSION (MODULE_ID,PERMISSION_ID) 
VALUES ('7d741c551b984b7bb776e742090d076f','import');

INSERT INTO SYS_MODULE_PERMISSION (MODULE_ID,PERMISSION_ID) 
VALUES ('7d741c551b984b7bb776e742090d076f','insert');

INSERT INTO SYS_MODULE_PERMISSION (MODULE_ID,PERMISSION_ID) 
VALUES ('7d741c551b984b7bb776e742090d076f','print');

INSERT INTO SYS_MODULE_PERMISSION (MODULE_ID,PERMISSION_ID) 
VALUES ('7d741c551b984b7bb776e742090d076f','select');

INSERT INTO SYS_MODULE_PERMISSION (MODULE_ID,PERMISSION_ID) 
VALUES ('7d741c551b984b7bb776e742090d076f','update');

INSERT INTO SYS_MODULE_PERMISSION (MODULE_ID,PERMISSION_ID) 
VALUES ('7d741c551b984b7bb776e742090d076f','upload');

INSERT INTO SYS_MODULE_PERMISSION (MODULE_ID,PERMISSION_ID) 
VALUES ('7d741c551b984b7bb776e742090d076f','view');

INSERT INTO SYS_MODULE_PERMISSION (MODULE_ID,PERMISSION_ID) 
VALUES ('7fe102f7b2424128bd7828d9e1d2d790','export');

INSERT INTO SYS_MODULE_PERMISSION (MODULE_ID,PERMISSION_ID) 
VALUES ('7fe102f7b2424128bd7828d9e1d2d790','select');

INSERT INTO SYS_MODULE_PERMISSION (MODULE_ID,PERMISSION_ID) 
VALUES ('7fe102f7b2424128bd7828d9e1d2d790','view');

INSERT INTO SYS_MODULE_PERMISSION (MODULE_ID,PERMISSION_ID) 
VALUES ('80f11f6553a74d34bb750255ba3308e7','delete');

INSERT INTO SYS_MODULE_PERMISSION (MODULE_ID,PERMISSION_ID) 
VALUES ('80f11f6553a74d34bb750255ba3308e7','export');

INSERT INTO SYS_MODULE_PERMISSION (MODULE_ID,PERMISSION_ID) 
VALUES ('80f11f6553a74d34bb750255ba3308e7','insert');

INSERT INTO SYS_MODULE_PERMISSION (MODULE_ID,PERMISSION_ID) 
VALUES ('80f11f6553a74d34bb750255ba3308e7','select');

INSERT INTO SYS_MODULE_PERMISSION (MODULE_ID,PERMISSION_ID) 
VALUES ('80f11f6553a74d34bb750255ba3308e7','update');

INSERT INTO SYS_MODULE_PERMISSION (MODULE_ID,PERMISSION_ID) 
VALUES ('80f11f6553a74d34bb750255ba3308e7','view');

INSERT INTO SYS_MODULE_PERMISSION (MODULE_ID,PERMISSION_ID) 
VALUES ('8996fada7b6542779535357d7eee8197','build');

INSERT INTO SYS_MODULE_PERMISSION (MODULE_ID,PERMISSION_ID) 
VALUES ('8996fada7b6542779535357d7eee8197','create');

INSERT INTO SYS_MODULE_PERMISSION (MODULE_ID,PERMISSION_ID) 
VALUES ('8996fada7b6542779535357d7eee8197','delete');

INSERT INTO SYS_MODULE_PERMISSION (MODULE_ID,PERMISSION_ID) 
VALUES ('8996fada7b6542779535357d7eee8197','deploy');

INSERT INTO SYS_MODULE_PERMISSION (MODULE_ID,PERMISSION_ID) 
VALUES ('8996fada7b6542779535357d7eee8197','download');

INSERT INTO SYS_MODULE_PERMISSION (MODULE_ID,PERMISSION_ID) 
VALUES ('8996fada7b6542779535357d7eee8197','drop');

INSERT INTO SYS_MODULE_PERMISSION (MODULE_ID,PERMISSION_ID) 
VALUES ('8996fada7b6542779535357d7eee8197','export');

INSERT INTO SYS_MODULE_PERMISSION (MODULE_ID,PERMISSION_ID) 
VALUES ('8996fada7b6542779535357d7eee8197','import');

INSERT INTO SYS_MODULE_PERMISSION (MODULE_ID,PERMISSION_ID) 
VALUES ('8996fada7b6542779535357d7eee8197','insert');

INSERT INTO SYS_MODULE_PERMISSION (MODULE_ID,PERMISSION_ID) 
VALUES ('8996fada7b6542779535357d7eee8197','print');

INSERT INTO SYS_MODULE_PERMISSION (MODULE_ID,PERMISSION_ID) 
VALUES ('8996fada7b6542779535357d7eee8197','select');

INSERT INTO SYS_MODULE_PERMISSION (MODULE_ID,PERMISSION_ID) 
VALUES ('8996fada7b6542779535357d7eee8197','update');

INSERT INTO SYS_MODULE_PERMISSION (MODULE_ID,PERMISSION_ID) 
VALUES ('8996fada7b6542779535357d7eee8197','upload');

INSERT INTO SYS_MODULE_PERMISSION (MODULE_ID,PERMISSION_ID) 
VALUES ('8996fada7b6542779535357d7eee8197','view');

INSERT INTO SYS_MODULE_PERMISSION (MODULE_ID,PERMISSION_ID) 
VALUES ('8b92453ba86642478dca3aa7ee9106c2','build');

INSERT INTO SYS_MODULE_PERMISSION (MODULE_ID,PERMISSION_ID) 
VALUES ('8b92453ba86642478dca3aa7ee9106c2','create');

INSERT INTO SYS_MODULE_PERMISSION (MODULE_ID,PERMISSION_ID) 
VALUES ('8b92453ba86642478dca3aa7ee9106c2','delete');

INSERT INTO SYS_MODULE_PERMISSION (MODULE_ID,PERMISSION_ID) 
VALUES ('8b92453ba86642478dca3aa7ee9106c2','deploy');

INSERT INTO SYS_PERMISSION (ID,SEQUENCE,NAME) 
VALUES ('send',15,'发送');

INSERT INTO SYS_PERMISSION (ID,SEQUENCE,NAME) 
VALUES ('view',1,'展示');

INSERT INTO SYS_PERMISSION (ID,SEQUENCE,NAME) 
VALUES ('select',2,'查询');

INSERT INTO SYS_PERMISSION (ID,SEQUENCE,NAME) 
VALUES ('insert',3,'插入');

INSERT INTO SYS_PERMISSION (ID,SEQUENCE,NAME) 
VALUES ('update',4,'修改');

INSERT INTO SYS_PERMISSION (ID,SEQUENCE,NAME) 
VALUES ('delete',5,'删除');

INSERT INTO SYS_PERMISSION (ID,SEQUENCE,NAME) 
VALUES ('import',6,'导入');

INSERT INTO SYS_PERMISSION (ID,SEQUENCE,NAME) 
VALUES ('export',7,'导出');

INSERT INTO SYS_PERMISSION (ID,SEQUENCE,NAME) 
VALUES ('print',10,'打印');

INSERT INTO SYS_PERMISSION (ID,SEQUENCE,NAME) 
VALUES ('create',11,'创建');

INSERT INTO SYS_PERMISSION (ID,SEQUENCE,NAME) 
VALUES ('drop',12,'销毁');

INSERT INTO SYS_PERMISSION (ID,SEQUENCE,NAME) 
VALUES ('build',13,'同步');

INSERT INTO SYS_PERMISSION (ID,SEQUENCE,NAME) 
VALUES ('download',9,'下载');

INSERT INTO SYS_PERMISSION (ID,SEQUENCE,NAME) 
VALUES ('upload',8,'上传');

INSERT INTO SYS_PERMISSION (ID,SEQUENCE,NAME) 
VALUES ('deploy',14,'部署');

INSERT INTO SYS_ROLE (ID,NAME,SHIRO) 
VALUES ('233e1814d0484ae6ad600a84ae8b2a1b','员工','employee');

INSERT INTO SYS_ROLE (ID,NAME,SHIRO) 
VALUES ('d3f34652eb03447b9cc8bb7375df675d','系统管理员','sys');

INSERT INTO SYS_ROLE (ID,NAME,SHIRO) 
VALUES ('e015765dbaf1429fa34bbff7eb4e9b79','经理','deptmanager');

INSERT INTO SYS_ROLE (ID,NAME,SHIRO) 
VALUES ('4bb7b95168a04cb6885d31dc583cde40','人事','hrmanager');

INSERT INTO SYS_ROLE_MENU (ROLE_ID,MENU_ID) 
VALUES ('233e1814d0484ae6ad600a84ae8b2a1b','035c58f70576403e9c31767469b15258');

INSERT INTO SYS_ROLE_MENU (ROLE_ID,MENU_ID) 
VALUES ('233e1814d0484ae6ad600a84ae8b2a1b','5d2d5ddfd20f4783938fe636eedb5b37');

INSERT INTO SYS_ROLE_MENU (ROLE_ID,MENU_ID) 
VALUES ('233e1814d0484ae6ad600a84ae8b2a1b','61102bf49a004196ba0fb418ed1929e3');

INSERT INTO SYS_ROLE_MENU (ROLE_ID,MENU_ID) 
VALUES ('233e1814d0484ae6ad600a84ae8b2a1b','8916113ef8e847db9c975e8be3c5f83c');

INSERT INTO SYS_ROLE_MENU (ROLE_ID,MENU_ID) 
VALUES ('233e1814d0484ae6ad600a84ae8b2a1b','d63fb68c3af44a5a9bc93afc3edba378');

INSERT INTO SYS_ROLE_MENU (ROLE_ID,MENU_ID) 
VALUES ('4bb7b95168a04cb6885d31dc583cde40','035c58f70576403e9c31767469b15258');

INSERT INTO SYS_ROLE_MENU (ROLE_ID,MENU_ID) 
VALUES ('4bb7b95168a04cb6885d31dc583cde40','5d2d5ddfd20f4783938fe636eedb5b37');

INSERT INTO SYS_ROLE_MENU (ROLE_ID,MENU_ID) 
VALUES ('4bb7b95168a04cb6885d31dc583cde40','61102bf49a004196ba0fb418ed1929e3');

INSERT INTO SYS_ROLE_MENU (ROLE_ID,MENU_ID) 
VALUES ('d3f34652eb03447b9cc8bb7375df675d','035c58f70576403e9c31767469b15258');

INSERT INTO SYS_ROLE_MENU (ROLE_ID,MENU_ID) 
VALUES ('d3f34652eb03447b9cc8bb7375df675d','08e27f9288d04c7a8839dc65f6cbd1fa');

INSERT INTO SYS_ROLE_MENU (ROLE_ID,MENU_ID) 
VALUES ('d3f34652eb03447b9cc8bb7375df675d','0a0bf010a2e54ee5a82d0d2fe3708d2f');

INSERT INTO SYS_ROLE_MENU (ROLE_ID,MENU_ID) 
VALUES ('d3f34652eb03447b9cc8bb7375df675d','18e69a5a441a4f8da3d0e4e13f01de9b');

INSERT INTO SYS_ROLE_MENU (ROLE_ID,MENU_ID) 
VALUES ('d3f34652eb03447b9cc8bb7375df675d','2db887eb47aa458d9d04d54489b0684f');

INSERT INTO SYS_ROLE_MENU (ROLE_ID,MENU_ID) 
VALUES ('d3f34652eb03447b9cc8bb7375df675d','53f6471f7d904cadb3ed5fdda4e9ff33');

INSERT INTO SYS_ROLE_MENU (ROLE_ID,MENU_ID) 
VALUES ('d3f34652eb03447b9cc8bb7375df675d','5d2d5ddfd20f4783938fe636eedb5b37');

INSERT INTO SYS_ROLE_MENU (ROLE_ID,MENU_ID) 
VALUES ('d3f34652eb03447b9cc8bb7375df675d','61102bf49a004196ba0fb418ed1929e3');

INSERT INTO SYS_ROLE_MENU (ROLE_ID,MENU_ID) 
VALUES ('d3f34652eb03447b9cc8bb7375df675d','62e818ed15e647bdad4bee8f199ba21f');

INSERT INTO SYS_ROLE_MENU (ROLE_ID,MENU_ID) 
VALUES ('d3f34652eb03447b9cc8bb7375df675d','7978e1b6d95044e1a4ba5840c0d8a004');

INSERT INTO SYS_ROLE_MENU (ROLE_ID,MENU_ID) 
VALUES ('d3f34652eb03447b9cc8bb7375df675d','863a29b9f37c45579f1666254d1b557c');

INSERT INTO SYS_ROLE_MENU (ROLE_ID,MENU_ID) 
VALUES ('d3f34652eb03447b9cc8bb7375df675d','8916113ef8e847db9c975e8be3c5f83c');

INSERT INTO SYS_ROLE_MENU (ROLE_ID,MENU_ID) 
VALUES ('d3f34652eb03447b9cc8bb7375df675d','8bf056fec564462e9f6dd02d89630b9d');

INSERT INTO SYS_ROLE_MENU (ROLE_ID,MENU_ID) 
VALUES ('d3f34652eb03447b9cc8bb7375df675d','935acd7355634b278549b0ebbba01876');

INSERT INTO SYS_ROLE_MENU (ROLE_ID,MENU_ID) 
VALUES ('d3f34652eb03447b9cc8bb7375df675d','95fee483e011455a822f9a9e6a483fce');

INSERT INTO SYS_ROLE_MENU (ROLE_ID,MENU_ID) 
VALUES ('d3f34652eb03447b9cc8bb7375df675d','9e189622e7944d899cbbbf6677892e9e');

INSERT INTO SYS_ROLE_MENU (ROLE_ID,MENU_ID) 
VALUES ('d3f34652eb03447b9cc8bb7375df675d','b3d67c1d94d7408f878d9c0726d9f09c');

INSERT INTO SYS_ROLE_MENU (ROLE_ID,MENU_ID) 
VALUES ('d3f34652eb03447b9cc8bb7375df675d','b48d762c01c54dce95c31fb42204d126');

INSERT INTO SYS_ROLE_MENU (ROLE_ID,MENU_ID) 
VALUES ('d3f34652eb03447b9cc8bb7375df675d','bf7b7fb56f574cda8355fe5aa6e7735c');

INSERT INTO SYS_ROLE_MENU (ROLE_ID,MENU_ID) 
VALUES ('d3f34652eb03447b9cc8bb7375df675d','c617ec2d6eee475ea05fbe779ab3b7c8');

INSERT INTO SYS_ROLE_MENU (ROLE_ID,MENU_ID) 
VALUES ('d3f34652eb03447b9cc8bb7375df675d','d63fb68c3af44a5a9bc93afc3edba378');

INSERT INTO SYS_ROLE_MENU (ROLE_ID,MENU_ID) 
VALUES ('d3f34652eb03447b9cc8bb7375df675d','dba5fbee0097464f92e3abac9d0372c1');

INSERT INTO SYS_ROLE_MENU (ROLE_ID,MENU_ID) 
VALUES ('d3f34652eb03447b9cc8bb7375df675d','e0f3aac77b984733bcf0d8d35363bfa1');

INSERT INTO SYS_ROLE_MENU (ROLE_ID,MENU_ID) 
VALUES ('d3f34652eb03447b9cc8bb7375df675d','e293c0ce48354d1896934700e1f0282c');

INSERT INTO SYS_ROLE_MENU (ROLE_ID,MENU_ID) 
VALUES ('d3f34652eb03447b9cc8bb7375df675d','f9253401654549a7ab86d53edf2c0d5b');

INSERT INTO SYS_ROLE_MENU (ROLE_ID,MENU_ID) 
VALUES ('d3f34652eb03447b9cc8bb7375df675d','fdfbc2b37c78488ca063931068077fc0');

INSERT INTO SYS_ROLE_MENU (ROLE_ID,MENU_ID) 
VALUES ('e015765dbaf1429fa34bbff7eb4e9b79','035c58f70576403e9c31767469b15258');

INSERT INTO SYS_ROLE_MENU (ROLE_ID,MENU_ID) 
VALUES ('e015765dbaf1429fa34bbff7eb4e9b79','5d2d5ddfd20f4783938fe636eedb5b37');

INSERT INTO SYS_ROLE_MENU (ROLE_ID,MENU_ID) 
VALUES ('e015765dbaf1429fa34bbff7eb4e9b79','61102bf49a004196ba0fb418ed1929e3');

INSERT INTO SYS_ROLE_MODULE (ROLE_ID,MODULE_ID) 
VALUES ('233e1814d0484ae6ad600a84ae8b2a1b','0cc19fd4409a4d8b832a02584b15e45f');

INSERT INTO SYS_ROLE_MODULE (ROLE_ID,MODULE_ID) 
VALUES ('233e1814d0484ae6ad600a84ae8b2a1b','1eb16f4188dd451d9287116214bf215a');

INSERT INTO SYS_ROLE_MODULE (ROLE_ID,MODULE_ID) 
VALUES ('233e1814d0484ae6ad600a84ae8b2a1b','2b5d24bdb8b6413e9a1b2fb2e12437a6');

INSERT INTO SYS_ROLE_MODULE (ROLE_ID,MODULE_ID) 
VALUES ('233e1814d0484ae6ad600a84ae8b2a1b','3570d90302404b769704bd810ea3696a');

INSERT INTO SYS_ROLE_MODULE (ROLE_ID,MODULE_ID) 
VALUES ('233e1814d0484ae6ad600a84ae8b2a1b','465292ff14d64226ada2b34cf4826a2e');

INSERT INTO SYS_ROLE_MODULE (ROLE_ID,MODULE_ID) 
VALUES ('233e1814d0484ae6ad600a84ae8b2a1b','60663fd923564eb3b4c9b7e9a37aadf6');

INSERT INTO SYS_ROLE_MODULE (ROLE_ID,MODULE_ID) 
VALUES ('4bb7b95168a04cb6885d31dc583cde40','60663fd923564eb3b4c9b7e9a37aadf6');

INSERT INTO SYS_ROLE_MODULE (ROLE_ID,MODULE_ID) 
VALUES ('d3f34652eb03447b9cc8bb7375df675d','0cc19fd4409a4d8b832a02584b15e45f');

INSERT INTO SYS_ROLE_MODULE (ROLE_ID,MODULE_ID) 
VALUES ('d3f34652eb03447b9cc8bb7375df675d','1eb16f4188dd451d9287116214bf215a');

INSERT INTO SYS_ROLE_MODULE (ROLE_ID,MODULE_ID) 
VALUES ('d3f34652eb03447b9cc8bb7375df675d','2b5d24bdb8b6413e9a1b2fb2e12437a6');

INSERT INTO SYS_ROLE_MODULE (ROLE_ID,MODULE_ID) 
VALUES ('d3f34652eb03447b9cc8bb7375df675d','349ed3e79dbe406b9034ef73bb8056d3');

INSERT INTO SYS_ROLE_MODULE (ROLE_ID,MODULE_ID) 
VALUES ('d3f34652eb03447b9cc8bb7375df675d','3570d90302404b769704bd810ea3696a');

INSERT INTO SYS_ROLE_MODULE (ROLE_ID,MODULE_ID) 
VALUES ('d3f34652eb03447b9cc8bb7375df675d','465292ff14d64226ada2b34cf4826a2e');

INSERT INTO SYS_ROLE_MODULE (ROLE_ID,MODULE_ID) 
VALUES ('d3f34652eb03447b9cc8bb7375df675d','60663fd923564eb3b4c9b7e9a37aadf6');

INSERT INTO SYS_ROLE_MODULE (ROLE_ID,MODULE_ID) 
VALUES ('d3f34652eb03447b9cc8bb7375df675d','6267cc893dcf47c2b41279e52bc5fa73');

INSERT INTO SYS_ROLE_MODULE (ROLE_ID,MODULE_ID) 
VALUES ('d3f34652eb03447b9cc8bb7375df675d','6d82509cc687416f8c1ad01f49efb54b');

INSERT INTO SYS_ROLE_MODULE (ROLE_ID,MODULE_ID) 
VALUES ('d3f34652eb03447b9cc8bb7375df675d','7466722e008349cfb7ed1d034b856bad');

INSERT INTO SYS_ROLE_MODULE (ROLE_ID,MODULE_ID) 
VALUES ('d3f34652eb03447b9cc8bb7375df675d','7d741c551b984b7bb776e742090d076f');

INSERT INTO SYS_ROLE_MODULE (ROLE_ID,MODULE_ID) 
VALUES ('d3f34652eb03447b9cc8bb7375df675d','7fe102f7b2424128bd7828d9e1d2d790');

INSERT INTO SYS_ROLE_MODULE (ROLE_ID,MODULE_ID) 
VALUES ('d3f34652eb03447b9cc8bb7375df675d','80f11f6553a74d34bb750255ba3308e7');

INSERT INTO SYS_ROLE_MODULE (ROLE_ID,MODULE_ID) 
VALUES ('d3f34652eb03447b9cc8bb7375df675d','8996fada7b6542779535357d7eee8197');

INSERT INTO SYS_ROLE_MODULE (ROLE_ID,MODULE_ID) 
VALUES ('d3f34652eb03447b9cc8bb7375df675d','8b92453ba86642478dca3aa7ee9106c2');

INSERT INTO SYS_ROLE_MODULE (ROLE_ID,MODULE_ID) 
VALUES ('d3f34652eb03447b9cc8bb7375df675d','95bab193057a4823be5cff384eb489f9');

INSERT INTO SYS_ROLE_MODULE (ROLE_ID,MODULE_ID) 
VALUES ('d3f34652eb03447b9cc8bb7375df675d','96d679fb9d754bb5acbd1286a1b2968c');

INSERT INTO SYS_ROLE_MODULE (ROLE_ID,MODULE_ID) 
VALUES ('d3f34652eb03447b9cc8bb7375df675d','a59afc9f487f4a6fa5dcae9e195bf499');

INSERT INTO SYS_ROLE_MODULE (ROLE_ID,MODULE_ID) 
VALUES ('d3f34652eb03447b9cc8bb7375df675d','b788cdfa69674a51935b4039fcb654ab');

INSERT INTO SYS_ROLE_MODULE (ROLE_ID,MODULE_ID) 
VALUES ('d3f34652eb03447b9cc8bb7375df675d','bce58ffd35774b91a6ffc6c690d22d34');

INSERT INTO SYS_ROLE_MODULE (ROLE_ID,MODULE_ID) 
VALUES ('d3f34652eb03447b9cc8bb7375df675d','d94881a8dc854298bfac029147b38e26');

INSERT INTO SYS_ROLE_MODULE (ROLE_ID,MODULE_ID) 
VALUES ('d3f34652eb03447b9cc8bb7375df675d','ddc3b32e4fae473e82a69a28c41a6b48');

INSERT INTO SYS_ROLE_MODULE (ROLE_ID,MODULE_ID) 
VALUES ('d3f34652eb03447b9cc8bb7375df675d','df79cb9026824eff8f5f2eb367b45ed1');

INSERT INTO SYS_ROLE_MODULE (ROLE_ID,MODULE_ID) 
VALUES ('d3f34652eb03447b9cc8bb7375df675d','e0ca626efde34ad788365f020094e22d');

INSERT INTO SYS_ROLE_MODULE (ROLE_ID,MODULE_ID) 
VALUES ('e015765dbaf1429fa34bbff7eb4e9b79','60663fd923564eb3b4c9b7e9a37aadf6');

INSERT INTO SYS_SKINS (ID,NAME,URL,STATE,MAIN) 
VALUES ('780e5d65c08e42da98f491e84fce8de0','蓝色主题','/portal','1','main');

INSERT INTO SYS_SKINS (ID,NAME,URL,STATE,MAIN) 
VALUES ('3df2a557ac47442889212395848b9213','EASYUI皮肤','/poor','0','main');

INSERT INTO SYS_UPLOADFILE (ID,VIEWNAME,REALNAME,URL,REALURL,SUFFIX,FILESIZE,CREATEDATE) 
VALUES ('062e05aeae8946e686694f506750ff54','6ee5247ad182424e85e438b927d26ecd.png','062e05aeae8946e686694f506750ff54.png','upload/image/','C:/Users/cuichen/git/kensite/src/main/webapp/upload/image/','.png','15109',to_timestamp('2015-10-13 11:50:04.0','yyyy-mm-dd hh24:mi:ss:ff')+0);

INSERT INTO SYS_UPLOADFILE (ID,VIEWNAME,REALNAME,URL,REALURL,SUFFIX,FILESIZE,CREATEDATE) 
VALUES ('4536276e0d02429ea91fdc2295e993e0','6ee5247ad182424e85e438b927d26ecd.png','4536276e0d02429ea91fdc2295e993e0.png','upload/image/','C:/Users/cuichen/git/kensite/src/main/webapp/upload/image/','.png','15109',to_timestamp('2015-10-13 11:51:08.0','yyyy-mm-dd hh24:mi:ss:ff')+0);

INSERT INTO SYS_UPLOADFILE (ID,VIEWNAME,REALNAME,URL,REALURL,SUFFIX,FILESIZE,CREATEDATE) 
VALUES ('89ea3b6bb9934a3bad7dd8d2c16fa70a','6ee5247ad182424e85e438b927d26ecd.png','89ea3b6bb9934a3bad7dd8d2c16fa70a.png','upload/image/','C:/Users/cuichen/git/kensite/src/main/webapp/upload/image/','.png','15109',to_timestamp('2015-10-13 11:45:50.0','yyyy-mm-dd hh24:mi:ss:ff')+0);

INSERT INTO SYS_UPLOADFILE (ID,VIEWNAME,REALNAME,URL,REALURL,SUFFIX,FILESIZE,CREATEDATE) 
VALUES ('f177a088942341b29e164397e69ab901','6ee5247ad182424e85e438b927d26ecd.png','f177a088942341b29e164397e69ab901.png','upload/image/','C:/Users/cuichen/git/kensite/src/main/webapp/upload/image/','.png','15109',to_timestamp('2015-10-13 11:55:52.0','yyyy-mm-dd hh24:mi:ss:ff')+0);

INSERT INTO SYS_USER (ID,USER_NAME,PASSWORD,NAME,DEPARTMENT_ID,STATE,EMAIL,PHONE) 
VALUES ('3a657ea8ddc745a698d51aeea2183f4d','system','c4ca86dead4518ac4fd6e30172db3d9e','管理员','dad8faf2f3eb4d279ef04decb91ca4c0','1',null,null);

INSERT INTO SYS_USER (ID,USER_NAME,PASSWORD,NAME,DEPARTMENT_ID,STATE,EMAIL,PHONE) 
VALUES ('1e995b4cf4c449afa6c31033b6786cef','dept','41dab460432fd36459e9dd9cf33bb81b','部门经理','e51ba1c688204117bd08b8ce2393e756','1',null,null);

INSERT INTO SYS_USER (ID,USER_NAME,PASSWORD,NAME,DEPARTMENT_ID,STATE,EMAIL,PHONE) 
VALUES ('355222f869db4f4fb8a22e6888aabe48','ken','6efce4fa00c7f982559d05b90207e8b9','肯','dad8faf2f3eb4d279ef04decb91ca4c0','1',null,null);

INSERT INTO SYS_USER (ID,USER_NAME,PASSWORD,NAME,DEPARTMENT_ID,STATE,EMAIL,PHONE) 
VALUES ('11522a6173804d5ea075ca052c76e20c','promise','367603a556093d611ec3789dd9144ee0','一诺','b41c66947b7f4577968d4249c3c52a85','1',null,null);

INSERT INTO SYS_USER (ID,USER_NAME,PASSWORD,NAME,DEPARTMENT_ID,STATE,EMAIL,PHONE) 
VALUES ('206d10a5596042d8be72069dc01f3326','employee','26acdbda33c45a2567f1d40aea9ee2c0','员工','e51ba1c688204117bd08b8ce2393e756','1',null,null);

INSERT INTO SYS_USER_ROLE (USER_ID,ROLE_ID) 
VALUES ('11522a6173804d5ea075ca052c76e20c','4bb7b95168a04cb6885d31dc583cde40');

INSERT INTO SYS_USER_ROLE (USER_ID,ROLE_ID) 
VALUES ('1e995b4cf4c449afa6c31033b6786cef','e015765dbaf1429fa34bbff7eb4e9b79');

INSERT INTO SYS_USER_ROLE (USER_ID,ROLE_ID) 
VALUES ('206d10a5596042d8be72069dc01f3326','233e1814d0484ae6ad600a84ae8b2a1b');

INSERT INTO SYS_USER_ROLE (USER_ID,ROLE_ID) 
VALUES ('355222f869db4f4fb8a22e6888aabe48','233e1814d0484ae6ad600a84ae8b2a1b');

INSERT INTO SYS_USER_ROLE (USER_ID,ROLE_ID) 
VALUES ('3a657ea8ddc745a698d51aeea2183f4d','d3f34652eb03447b9cc8bb7375df675d');

